Title,Cluster
"Can the AVENGERS Beat EVERY RANK in Marvel Rivals... (if they LOSE, the video ENDS)",3
Who ChrisMD Dated After 20 vs 1 Video‚Ä¶,3
Killswitch Engage - My Last Serenade [OFFICIAL VIDEO],3
beabadoobee x Laufey - A Night To Remember (Official Lyric Video),3
"Chappell Roan - Good Luck, Babe! (Official Lyric Video)",3
Tate McRae - Sports car (Official Video),3
James Bond 007 Skyfall by Adele [OFFICIAL FULL MUSIC VIDEO],3
I Played EVERY HORROR Game Ever Made in ONE VIDEO!,3
I Played EVERY HORROR Game Ever Made in ONE VIDEO!,3
"Lady Gaga, Bruno Mars - Die With A Smile (Official Music Video)",3
Gerry & The Pacemakers - You'll Never Walk Alone [Official Video],3
Cris MJ - SI NO ES CONTIGO (Video Oficial),3
Bad Bunny ft. Chencho Corleone - Me Porto Bonito (Video Oficial) | Un Verano Sin Ti,3
ROSEÃÅ & Bruno Mars - APT. (Official Music Video),3
HuskySave Pitch Video Group BB 2,3
Shall we get JJ on a video? üëÄ,3
"BAD BUNNY ft. ARC√ÅNGEL, DE LA GHETTO, √ëENGO FLOW - ACHO PR (Video Oficial) | nslqvapm",3
Viewed The Shotgun Hostage Trap video is currently under copyright strike for the footage used in the video. I‚Äôm attempting to get it back up but sorry for the inconvenience if you were trying to watch it :/,3
2023 Audi Q8 Prestige S Line Black | Video Tour with Ryan,3
Perry Como - Silver Bells (Official Lyric Video),3
Wham! - Last Christmas (Official Video),3
Brenda Lee - Rockin' Around The Christmas Tree (Official Music Video),3
Frank Sinatra - Mistletoe And Holly (Official Video),3
Bing Crosby - Winter Wonderland (Official Video),3
Frank Sinatra - Have Yourself A Merry Little Christmas (Official Video),3
Michael Bubl√© - It's Beginning to Look a Lot Like Christmas (Official Music Video),3
This Video is AI Generated! SORA Review,3
"A Minecraft Movie - Official Teaser Trailer (2025) Jack Black, Jason Momoa",3
Wreckfest 2 - Official Announcement Trailer,3
Shall we get JJ on a video? üëÄ,3
Olivia Rodrigo - bad idea right? (Official Video),3
Olivia Rodrigo - good 4 u (Official Video),3
Megan Thee Stallion - Mamushi (feat. Yuki Chiba) [Official Video],3
THROWN - on the verge (OFFICIAL VIDEO),3
Hitman 3 got this video demonetized,3
The Best Goal of This Video Gets Hung in The Louvre,3
The Boys - Season 4 Bloopers | Prime Video,3
Defending The Indefensible: The Legacy Of The Video Nasties,3
Mortal Kombat 1: Khaos Reigns Official Announcement Trailer,3
Joker: Folie √Ä Deux | Official Trailer,3
Interstellar Movie - Official Trailer,3
The PERFECT TRILOGY of Zombies Maps (Video Essay),3
Big Time Rush - Boyfriend (Official Video) ft. Snoop Dogg,3
Big Time Rush - Worldwide (Official Video),3
"Boston, Massachusetts, USA üá∫üá∏ in 4K ULTRA HD 60FPS Video by Drone",3
The Boys ‚Äì Season 4 Official Trailer | Prime Video,3
SPIDER-MAN 3 [2007] - Official Trailer (HD),3
"Chicago, City In USA üá∫üá∏ 4k Ultra HD Video  |",3
Bad Bunny ft. Chencho Corleone - Me Porto Bonito (Video Oficial) | Un Verano Sin Ti,3
BAD BUNNY x JHAY CORTEZ - D√ÅKITI (Video Oficial),3
JERE KLEIN - ANDO (Video Oficial) | ENFASIS,3
The Acolyte | Official Trailer | Disney+,3
Kong: Skull Island - Rise of the King [Official Final Trailer],3
Godzilla - Official Main Trailer [HD],3
College Football 25 | Official Reveal Trailer,3
no context sports announcers but the video gets increasingly crazier,3
"John Denver - Take Me Home, Country Roads (Official Audio)",3
111 Video Game Details in the Fallout TV Show,3
"OFFICIAL Somewhere over the Rainbow - Israel ""IZ"" Kamakawiwo ªole",3
TikTok live rizz party original video,3
Video 1: Introduction to Simple Linear Regression,3
Giveon - Favorite Mistake - Knock2 Remix (Official Audio),3
Flats' Official Fast Food Tier List,3
"Quiz√°s - Rich Music, Sech, Dalex ft. Justin Quiles, Wisin, Zion, Lenny Tav√°rez, Feid (Video Oficial)",3
"OFFICIAL Somewhere over the Rainbow - Israel ""IZ"" Kamakawiwo ªole",3
PAOLO LADINO VOL. 4 ***Official Video***,3
The OFFICIAL Smash Ultimate Cheater Tier List,3
The OFFICIAL Smash Ultimate Cheater Tier List,3
my last video,3
don‚Äôt watch this video at night,3
I played Fortnite on every single console in one video,3
"Timbaland - The Way I Are (Official Music Video) ft. Keri Hilson, D.O.E., Sebastian",3
The Black Eyed Peas - Pump It (Official Music Video),3
Full video üëÜ,3
50 cent just a lil bit / dance video / Choreo,3
GTA 6 (Grand Theft Auto VI) Official Reveal Trailer,3
Coldplay - Viva La Vida (Official Video),3
Bad Bunny - Tit√≠ Me Pregunt√≥ (Video Oficial) | Un Verano Sin Ti,3
Darell - Lollipop (Official Video),3
El Alfa x Darell x Noriel - 4K (Video Oficial),3
FROZEN | Let It Go Sing-along | Official Disney UK,3
FROZEN | Let It Go Sing-along | Official Disney UK,3
FROZEN | Let It Go Sing-along | Official Disney UK,3
Alexandra Stan - Mr. Saxobeat (Official Video),3
Pitbull - Back in Time (Official Video),3
"Post Malone, Swae Lee - Sunflower (Spider-Man: Into the Spider-Verse) (Official Video)",3
6ix9ine is in a Video Game...,3
I Played EVERY HORROR Game Ever Made in ONE VIDEO!,3
Pitbull - International Love (Official Video) ft. Chris Brown,3
Cascada - Everytime We Touch (Official Video),3
Katy Perry - Hot N Cold (Official Music Video),3
"Travis Scott, Bad Bunny, The Weeknd - K-POP (Official Music Video)",3
"Ryan Castro, Peso Pluma - QUEMA üî• (Video Oficial)",3
Darell - Lollipop (Official Video),3
Darell - Lollipop (Official Video),3
Darell - Lollipop (Official Video),3
Big Time Rush - Worldwide (Official Video),3
El Alfa x Darell x Noriel - 4K (Video Oficial),3
4K - El Alfa x Darell x Noriel  | FitDance (Coreografia) | Dance Video,3
El Alfa x Darell x Noriel - 4K (Video Oficial),3
The Best Goal of This Video Becomes an NFT,3
How MOB OF THE DEAD *SAVED* Call of Duty Zombies (Video Essay),3
Uprising DLC Map Pack Preview - Official Call of Duty: Black Ops 2 Video,3
CABAS - Enamor√°ndonos (Official Video),3
I asked @sleazyworld_go if I could make a free music video for him,3
The Most Disturbing Video On YouTube (Robert Budd Dwyer's Suicide Video and Story),3
"Spiral: Saw (2021 Movie) Official Trailer ‚Äì Chris Rock, Samuel L. Jackson",3
SAW X (2023) Official Trailer ‚Äì Tobin Bell,3
Stromae - Alors on danse (Official Video),3
Numa Numa Original Music Video,3
Best video game of all time? #gamescom2023 #gaming #interview,3
Diablo 4 - Official Announcement Cinematic Trailer | Blizzcon 2019,3
Official Reveal Trailer | Call of Duty: Black Ops 2,3
Charli XCX - Speed Drive (From Barbie The Album) [Official Audio],3
Charli XCX - Speed Drive (From Barbie The Album) [Official Music Video],3
Nuketown Zombies Trailer - Official Call of Duty: Black Ops 2 Video,3
Kai Cenat brought out New York City for Uzi‚Äôs music video,3
Batman: Arkham Trilogy | Official Nintendo Switch Reveal Trailer,3
An in-depth look at Lovecraftian Video Games,3
Flo Rida - Club Can't Handle Me ft. David Guetta [Official Music Video] - Step Up 3D,3
Pitbull - International Love (Official Video) ft. Chris Brown,3
Cascada - Everytime We Touch (Official Video),3
"Maluma, The Weeknd - Haw√°i (Remix - Official Video)",3
"Travis Scott, Bad Bunny, The Weeknd - K-POP (Official Music Video)",3
"Tainy, Rauw Alejandro - SCI-FI (Official Audio)",3
"Tainy, Rauw Alejandro - SCI-FI (Official Video)",3
"Ryan Castro, Peso Pluma - QUEMA üî• (Video Oficial)",3
EL ALFA X Peso Pluma  - Plebada (Video Oficial),3
"Becky G, El Alfa - FULANITO (Official Video)",3
BAD BUNNY FT. EL ALFA - LA ROMANA | X100PRE (Video Oficial),3
"Brray, Jhayco, Ryan Castro - Coraz√≥n Roto (Remix) (Official Video)",3
"Arcangel, Bad Bunny - La Jumpa (Video Oficial) | SR. SANTOS",3
This Video Will Make you Hate Caves,3
Deji - RAN (Official Music Video),3
Lionel Messi Can‚Äôt Stop Playing Video Games,3
"Darell, Farruko - Caliente (Official Video)",3
Rocky Road Pt.2  (Official Video) ft. Alano Adan,3
Moneybagg Yo - Rocky Road (feat. Kodak Black) [Official Music Video],3
Charli XCX - Speed Drive (From Barbie The Album) [Official Audio],3
"Sky Rompiendo, Feid, Myke Towers - El Cielo (Official Video)",3
"Brray, Jhayco, Ryan Castro - Coraz√≥n Roto (Remix) (Official Video)",3
"Darell, Farruko - Caliente (Official Video)",3
Watch the Full Video out now‚ÄºÔ∏è #football #soccer #skills,3
"Nutmeg me WIN ¬£¬£¬£ Full video out now, go check it out‚ÄºÔ∏è #football #soccer #skills",3
"Arcangel, Bad Bunny - La Jumpa (Video Oficial) | SR. SANTOS",3
@MrBeast Most Viral VIdeo Ever,3
#TPL BM (OTP) - London View (Music Video) | Pressplay,3
"Arcangel, Bad Bunny - La Jumpa (Video Oficial) | SR. SANTOS",3
Deji - RAN (Official Music Video),3
Deji - RAN (Official Music Video),3
Randolph - MANCHILD (Deji Diss Track) Official Video,3
Rauw Alejandro - C√∫rame (Video Oficial),3
"Arcangel, Bad Bunny - La Jumpa (Video Oficial) | SR. SANTOS",3
(Reupload) The Gay Song - Music Video [By: Jenna Anna],3
"Arcangel, Bad Bunny - La Jumpa (Video Oficial) | SR. SANTOS",3
#TPL BM (OTP) - London View (Music Video) | Pressplay,3
"Arcangel, Bad Bunny - La Jumpa (Video Oficial) | SR. SANTOS",3
BLESSD ‚ùå DE LA GHETTO ‚ùå DARELL | INSTAGRAM REMIX  ü•µ ( VIDEO OFICIAL ),3
BLESSD ‚ùå DE LA GHETTO ‚ùå DARELL | INSTAGRAM REMIX  ü•µ ( VIDEO OFICIAL ),3
The Disturbing & Controversial Video Game Iceberg,3
"Arcangel, Bad Bunny - La Jumpa (Video Oficial) | SR. SANTOS",3
BLESSD ‚ùå DE LA GHETTO ‚ùå DARELL | INSTAGRAM REMIX  ü•µ ( VIDEO OFICIAL ),3
"Arcangel, Bad Bunny - La Jumpa (Video Oficial) | SR. SANTOS",3
Hit the GoPro and the Video Ends,3
"Arcangel, Bad Bunny - La Jumpa (Video Oficial) | SR. SANTOS",3
"Tiago PZK, Ozuna - Nos Comemos (Video Oficial)",3
Rema - Calm Down (Official Music Video),3
"Arcangel, Bad Bunny - La Jumpa (Video Oficial) | SR. SANTOS",3
"Arcangel, Bad Bunny - La Jumpa (Video Oficial) | SR. SANTOS",3
Bad Bunny ft. Chencho Corleone - Me Porto Bonito (Video Oficial) | Un Verano Sin Ti,3
Rauw Alejandro & Chencho Corleone - Desesperados (Video Oficial),3
Rauw Alejandro & Chencho Corleone - El Efecto (Video Oficial),3
"Myke Towers, Farruko, Arcangel, Sech & Zion - Si Se Da Remix (Video Oficial)",3
The Strangers Official Trailer #1 - Liv Tyler Movie (2008) HD,3
Mortal Kombat 1 | Official Announcement Trailer,3
Why you should never play video games in class #shorts,3
Jimmy Eat World - The Middle (Official Music Video),3
Bring Me The Horizon - LosT (Official Video),3
Do NOT Watch This Video‚Ä¶,3
The official UEFA Champions League anthem,3
"This Video Made ChrisMD $100,000 ü§ë",3
Josh Turner - Would You Go With Me (Official Music Video),3
Keith Urban - Somebody Like You (Official Music Video),3
The official UEFA Champions League anthem,3
Callux's Most 'Regrettable' Video üòÖ #podcast #seeitoff,3
Kai Cenat Reacted to My Video!,3
The official UEFA Champions League anthem,3
Miniminter Reveals ChrisMD Video is Fake,3
"Post Malone, Swae Lee - Sunflower (Spider-Man: Into the Spider-Verse) (Official Video)",3
Post Malone - Circles (Official Music Video),3
Lord Huron - The Night We Met (Official Audio),3
MrBeast Spent $4.2 Million On A Video,3
The official UEFA Champions League anthem,3
The official UEFA Champions League anthem,3
SPIDER-MAN: ACROSS THE SPIDER-VERSE - Official Trailer #2 (HD),3
‚ÄúThis is Football!‚Äù - Motivational Video,3
The Best Goal of This Video Becomes an NFT,3
Blanco Brown - The Git Up (Dance Video),3
‚ÄúThis is Football!‚Äù - Motivational Video,3
Sheck Wes - Mo Bamba (Official Music Video),3
Meek Mill - Lord Knows ft Tory Lanez from CREED: Original Motion Picture Soundtrack [OFFICIAL VIDEO],3
Tobi & Manny - Destined For Greatness (feat. Janell√©) [Official Music Video],3
Soccer Pump Up Video 2016- 2017 - Motivation - Sparks,3
Soccer Pump Up Mix (Hype Video  2015) HD,3
Imagine Dragons - Believer (Official Music Video),3
Chamillionaire - Ridin' (Official Music Video) ft. Krayzie Bone,3
Sade - Smooth Operator - Official - 1984,3
Foster The People - Pumped Up Kicks (Official Video),3
Young Money - Bed Rock (Official Music Video),3
When the music video doesn't match the song,3
Lil Baby x Gunna - Drip Too Hard (Official Audio),3
Drip to hard dance video on Tiktok by papa script,3
Official Beer Pong Rules!,3
I Like To Move It (Original Video)  Madagascar HD,3
Chris Brown - Forever (Official HD Video),3
Sade - Smooth Operator - Official - 1984,3
SR - Welcome To Brixton [Music Video] | GRM Daily,3
Eminem Forgot He Was In The Still Dre Music Videoü§£ #shorts,3
Post Malone ft. 21 Savage - rockstar (Official Music Video),3
Lil Baby x Gunna - Drip Too Hard (Official Audio),3
POP SMOKE - DIOR (OFFICIAL VIDEO),3
THE BEST FREEKICK VIDEO ON YOUTUBE,3
Saweetie - Best Friend (feat. Doja Cat) [Official Music Video],3
The Best Goal of This Video Becomes an NFT,3
The Strangers Official Trailer #1 - Liv Tyler Movie (2008) HD,3
Don Omar | Pobre Diabla (Video Oficial) ‚ùå,3
Gata Fiera - Tr√©bol Clan Ft. Hector El Father (Video Oficial),3
"Offset & Metro Boomin  - ""Ric Flair Drip"" (Official Audio)",3
Nelly - Just A Dream (Official Music Video),3
Jeremy Zucker - supercuts (Lyric Video),3
Meek Mill - Lord Knows (Official Instrumental) [Remade by Dell Beats],3
Meek Mill - Pray For Em (Official Instrumental) (prod. by C-Sick),3
She over her scaring me ngl FULL VIDEO OUT #viral #tattoo,3
Chris Brown - Forever (Official HD Video),3
"Zzoilo, Aitana - Mon Amour Remix (Music Video)",3
Claw Tutorial Video,3
Lana Del Rey - Summertime Sadness (Official Music Video),3
Wendigoon's Apology video,3
50 Cent - In Da Club (Official Music Video),3
"Tiago PZK, Ozuna - Nos Comemos (Video Oficial)",3
Las Ketchup - The Ketchup Song (Asereje) (Spanglish Version) (Official Video),3
Midnight in Paris | Official Trailer HD (2011),3
Official Call of Duty: Black Ops 2 Personalization Pack Trailer -- Dead Man's Hand,3
Khalid - Vertigo (Official Audio),3
Khalid - Self (Official Audio),3
Khalid - Paradise (Official Audio),3
"Tiago PZK, Ozuna - Nos Comemos (Video Oficial)",3
"Tiago PZK, Ozuna - Nos Comemos (Video Oficial)",3
POP SMOKE - DIOR (OFFICIAL VIDEO),3
"Tiago PZK, Ozuna - Nos Comemos (Video Oficial)",3
"Video Making in #OpTicHouse2013, That's a Problem",3
Making Myself Look as Good as I am (Nadeshot Rebuttle Video) (Kidding),3
"Tiago PZK, Ozuna - Nos Comemos (Video Oficial)",3
Meek Mill - 1942 Flows (Official Video),3
papichuloteej - S.O.S ft. marcos g [Official Audio],3
"Tyler, The Creator - JUGGERNAUT (Official Video)",3
Andy Williams - It's the Most Wonderful Time of the Year (Official Audio),3
Bing Crosby - It's Beginning To Look A Lot Like Christmas (Lyric Video),3
"Official Batman: Arkham Knight Announce Trailer - ""Father to Son""",3
papichuloteej - S.O.S ft. marcos g [Official Audio],3
a totally normal call of duty zombies video.,3
Dean Martin - Silver Bells (Official Audio),3
Why W2S Won't be Invited Back to a ChrisMD Video,3
"Kay Flock - Shake It feat. Cardi B, Dougie B & Bory300 (Official Video)",3
I played every single Battle Royale Game in one video...,3
"Jhay Cortez, Myke Towers - Los Bo (Official Video)",3
Cordae - RNP (feat. Anderson .Paak) [Official Lyric Video],3
"benny blanco, Juice WRLD - Graduation (Official Music Video)",3
Lord Huron - The Night We Met (Official Audio),3
Ricardo Arjona - Fuiste t√∫ feat. Gaby Moreno (Video Oficial),3
J BALVIN x BAD BUNNY - LA CANCI√ìN | OASIS (Video Oficial),3
The Best Goal of This Video Becomes an NFT,3
"One, Two, Freddy's Coming For You (Lyric Video)",3
"Kay Flock - Shake It feat. Cardi B, Dougie B & Bory300 (Official Video)",3
#TPL BM (OTP) - London View (Music Video) | Pressplay,3
Mr C The Slide Man - Cha-Cha Slide (Official Video),3
V.I.C - Wobble Baby (Official Music Video),3
V.I.C. - Wobble (Official Music Video) | Warner Records,3
Chris Brown - Forever (Official HD Video),3
Soccer Pump Up Mix (Hype Video  2015) HD,3
Imagine Dragons - Demons (Official Music Video),3
Fall Out Boy - Centuries (Official Video),3
The Script - Hall of Fame (Official Video) ft. will.i.am,3
The Script - Superheroes (Official Video),3
POP SMOKE - DIOR (OFFICIAL VIDEO),3
#TPL BM (OTP) - London View (Music Video) | Pressplay,3
KSI & Randolph - Beerus (Official Music Video),3
Lionel Messi on a live video call with his wife Antonella in the middle of the pitch,3
Bobby Shmurda - Hot N*gga (Official Music Video),3
Sheck Wes - Mo Bamba (Official Music Video),3
If I Laugh The Video Ends 163! #shorts #memes #ylyl,3
Lord Huron - The Night We Met (Official Audio),3
"Post Malone, Swae Lee - Sunflower (Spider-Man: Into the Spider-Verse) (Official Video)",3
Metro Boomin - Dreamcatcher (feat. Swae Lee & Travis Scott) [OFFICIAL AUDIO],3
LOKERA - Rauw Alejandro x Lyanno x Brray (Official Video),3
Bobby Shmurda - Hot N*gga (Official Music Video),3
This video is unbelievable üò±,3
Eminem accepts Award for best music video from christina aguilera üòÇ #shorts,3
The Most Miniminter Made On A YouTube Video | #shorts,3
Lewis Capaldi - Before You Go (Official Video),3
Jaymes Young - Infinity (Piano Version) [Official Audio],3
Jaymes Young - Infinity [Official Audio],3
Chris Brown - Forever (Official HD Video),3
2Pac - Hit 'Em Up (Dirty) (Music Video) HD,3
J.I.D - Surround Sound (feat. 21 Savage & Baby Tate) [Official Music Video],3
Michael Jackson - Beat It (Official 4K Video),3
Michael Jackson - Man In The Mirror (Official Video),3
Michael Jackson - Billie Jean (Official Video),3
Reel 2 Real feat. The Mad Stuntman - I Like To Move It (Official Video),3
Something is wrong with this video,3
Coolio - Gangsta's Paradise (feat. L.V.) [Official Music Video],3
#TPL BM (OTP) - London View (Music Video) | Pressplay,3
"Denver, Colorado, USA üá∫üá∏ in 4K ULTRA HD 60FPS Video by Drone",3
Baby Keem - trademark usa (Official Audio),3
Baby Keem - Honest (Official Video),3
#TPL BM (OTP) - London View (Music Video) | Pressplay,3
Dominic Fike - Double Negative (Skeleton Milkshake) (Official Audio),3
Dominic Fike - Wurli (Official Audio),3
GAYLE - abcdefu (Official Music Video),3
The Weeknd - Often (NSFW) (Official Video),3
POP SMOKE - DIOR (OFFICIAL VIDEO),3
You Laugh You Lose and REWATCH the Video #shorts,3
J.I.D - Surround Sound (feat. 21 Savage & Baby Tate) [Official Music Video],3
KSI x Lil Wayne - Lose [Official Music Video],3
Flo Rida - Club Can't Handle Me ft. David Guetta [Official Music Video] - Step Up 3D,3
Dominic Fike - Double Negative (Skeleton Milkshake) (Official Audio),3
J BALVIN x BAD BUNNY - LA CANCI√ìN | OASIS (Video Oficial),3
BAD BUNNY - SI VEO A TU MAM√Å | YHLQMDLG (Video Oficial),3
Lewis Capaldi - Before You Go (Official Video),3
We Were Fifteen (Official Visualizer),3
Jaden - Your Voice (Short Performance Video),3
Rainbow Bap (Remix) (Official Visualizer),3
Bad Sisters ‚Äî Official Trailer | Apple TV+,3
Black Bird ‚Äî Official Trailer | Apple TV+,3
Black Bird ‚Äî Official Trailer | Apple TV+,3
Rainbow Bap (Remix) (Official Visualizer),3
THE MOST *SUS* VIDEO ON THE INTERNET,3
papichuloteej - S.O.S ft. marcos g [Official Audio],3
Random YouTuber leaks his next video or whatever,3
"MINIMINTER CALLS JOSH's VIDEO a ""POOR EFFORT""",3
Bad Bunny ft. Chencho Corleone - Me Porto Bonito (Video Oficial) | Un Verano Sin Ti,3
I Always Get Asked If I‚Äôm Sad That I Never Had A Daughter & Then I Just Show Them This Video‚Ä¶,3
DaBaby - VIBEZ (Official Fortnite Music Video) | Fortnite Dababy | Lets Gooo,3
DaBaby - VIBEZ (Official Music Video),3
ZAYN - Vibez (Official Video),3
Bad Bunny - Tit√≠ Me Pregunt√≥ (Video Oficial) | Un Verano Sin Ti,3
W2S - Ricegum Sucks Ft. KSI (Diss Track) Official Video,3
THIS VIDEO GOT 15 MILLION VIEWS ON TIKTOK #shorts,3
J.I.D - Surround Sound (feat. 21 Savage & Baby Tate) [Official Music Video],3
The government is not gonna like this video‚Ä¶,3
RAF (Official Video),3
Young Thug - Day Before (with Mac Miller) [Official Audio],3
"Lake Street Dive - ""Hypotheticals"" [Official Music Video]",3
Doja Cat - Get Into It (Yuh) (Official Video),3
BAD BUNNY - AMORFODA (Video Oficial),3
¬øT√©o? - Palm Trees [Official Music Video 2018],3
¬øT√©o? - Selfless-ish (Prod. J Dilla) [Official Audio 2015],3
¬øT√©o? - Buzzed (feat. WILLOW) [Official Audio],3
Rainbow Bap (Remix) (Official Visualizer),3
the ONLY college advice video u need,3
Imagine Dragons - Demons (Official Music Video),3
Soccer Pump Up Mix (Hype Video  2015) HD,3
Why W2S Won't be Invited Back to a ChrisMD Video,3
Dominic Fike - Wurli (Official Audio),3
Dominic Fike - Why (Official Audio),3
Dominic Fike - Superstar Sh*t (Official Audio),3
Dominic Fike - Double Negative (Skeleton Milkshake) (Official Audio),3
Dominic Fike - Double Negative (Skeleton Milkshake) (Official Audio),3
BAD BUNNY - AMORFODA (Video Oficial),3
"Aventura, Bad Bunny - Volv√≠ (Video Oficial)",3
"Nio Garcia, Rauw Alejandro, Lenny Tavarez - M√≠rame (Video Oficial)",3
Bad Bunny ft. Chencho Corleone - Me Porto Bonito (Video Oficial) | Un Verano Sin Ti,3
"Rvssian, Farruko, J Balvin - Ponle (Official Video)",3
Hereditary | Official Trailer HD | A24,3
Sinister 2 Official Trailer #1 (2015) - Horror Movie Sequel HD,3
Sinister Official Trailer #1 (2012) - Ethan Hawke Horror Movie HD,3
Halloween Ends - Official Trailer,3
300K SETUP VIDEO,3
The Best Goal of This Video Becomes an NFT,3
THE BEST FREEKICK VIDEO ON YOUTUBE,3
KSI - Two Birds One Stone (Official Music Video),3
KSI & Randolph - Beerus (Official Music Video),3
Unsolved Mysteries Caught on Video,3
"Minecraft, But if You see the color White Video Ends...",3
"benny blanco, Juice WRLD - Graduation (Official Music Video)",3
Juice WRLD - Cigarettes (Official Music Video),3
"Snoop Dogg & Wiz Khalifa - Young, Wild and Free ft. Bruno Mars [Official Video]",3
Justin Timberlake - Suit & Tie (Official Video) ft. Jay-Z,3
"Reik, Manuel Turizo - Aleluya (Video Oficial)",3
Sidemen - The Gift Ft. S-X (Official Music Video),3
Tobi & Manny - Destined For Greatness (feat. Janell√©) [Official Music Video],3
30 Greatest Man-Made Wonders of the World - Travel Video,3
My dad drowned üòÇ (video by @wn.darius) Audio by Trarags,3
"Reik, Manuel Turizo - Aleluya (Video Oficial)",3
"Logic - 1-800-273-8255 ft. Alessia Cara, Khalid (Official Video)",3
BAD BUNNY - AMORFODA (Video Oficial),3
Noche de Brujas - Dime Porqu√©  [Video Oficial],3
Jaden - Summertime In Paris ft. Willow (Official Audio),3
Jeremih - Impatient ft. Ty Dolla $ign (Official Audio),3
W2S Almost Ruined The Europe Holiday Video,3
Juice WRLD - Up Up And Away (Official Audio),3
Mac Miller - Earth (feat. Future) Official Audio,3
"Jack Harlow - WHATS POPPIN feat. Dababy, Tory Lanez, & Lil Wayne [Official Video]",3
Cardi B - WAP feat. Megan Thee Stallion [Official Audio],3
Cardi B - WAP feat. Megan Thee Stallion [Official Music Video],3
"Baby Keem, Kendrick Lamar - family ties (Official Video)",3
Roddy Ricch - The Box [Official Audio],3
Roddy Ricch - The Box [Official Music Video],3
RDCworld1 Hilarious Scary Video Comedy Compilation,3
"Jhay Cortez, Anuel AA, J. Balvin - Medusa (Official Video)",3
POP SMOKE - DIOR (OFFICIAL VIDEO),3
don‚Äôt watch this video at night,3
When You Can't Afford To Buy Video Games,3
I Played EVERY Single Version of Minecraft in ONE VIDEO!,3
Nicki Minaj - Feeling Myself (Official Audio) ft. Beyonc√©,3
POP SMOKE - DIOR (OFFICIAL VIDEO),3
"Chris Brown, Young Thug - Go Crazy (Official Video)",3
"Rvssian, Rauw Alejandro & Chris Brown ‚Äî Nost√°lgico (Official Video)",3
Rauw Alejandro & Chencho Corleone - Desesperados (Video Oficial),3
Rauw Alejandro - C√∫rame (Video Oficial),3
Rauw Alejandro x Anuel AA - Reloj (Video Oficial),3
"Jhay Cortez, Anuel AA, J. Balvin - Medusa (Official Video)",3
"Sebasti√°n Yatra, Myke Towers - Pareja del A√±o (Official Performance Video)",3
Jay Wheeler - La Curiosidad ft. Myke Towers (Official Video),3
POP SMOKE - DIOR (OFFICIAL VIDEO),3
Jay Wheeler - La Curiosidad ft. Myke Towers (Official Video),3
Lord Huron - The Night We Met (Official Audio),3
Rauw Alejandro - C√∫rame (Video Oficial),3
Lewis Capaldi - Before You Go (Official Video),3
The Best Goal of This Video Becomes an NFT,3
Lord Huron - The Night We Met (Official Audio),3
Lewis Capaldi - Before You Go (Official Video),3
Lewis Capaldi - Before You Go (Official Video),3
Lil Wayne - Kobe Bryant (Official Video),3
POP SMOKE - DIOR (OFFICIAL VIDEO),3
Roddy Ricch - High Fashion (feat. Mustard) [Official Audio],3
Meek Mill - Going Bad feat. Drake (Official Video),3
"Baby Keem, Kendrick Lamar - family ties (Official Video)",3
Pentatonix - Hallelujah (Official Video),3
Celine Dion - Because You Loved Me [Official Live Video] HD,3
"Myke Towers, Farruko, Arcangel, Sech & Zion - Si Se Da Remix (Video Oficial)",3
Jon Bellion - All Time Low (Official Music Video),3
Jeremy Zucker - supercuts (Official Video),3
Jon Bellion - All Time Low (Official Music Video),3
"benny blanco, Juice WRLD - Graduation (Official Music Video)",3
Lord Huron - The Night We Met (Official Audio),3
Gerry & The Pacemakers - You'll Never Walk Alone [Official Video],3
Kendrick Lamar - Die Hard ft. Blxst & Amanda Reifer (Official Audio),3
Britney Spears - Till The World Ends (Official Video),3
New Video Evidence That Proves Ghosts Are Real,3
Lizzo - About Damn Time [Official Video],3
Major Lazer & Ellie Goulding - Powerful (feat. Tarrus Riley) [Official Music Video],3
GAYLE - abcdefu (Official Music Video),3
The Script - Hall of Fame (Official Video) ft. will.i.am,3
Eminem - The Real Slim Shady (Official Video - Clean Version),3
GAYLE - abcdefu (Official Music Video),3
Alan Walker x Benjamin Ingrosso - Man On The Moon (Official Music Video),3
Juice WRLD - Up Up And Away (Official Audio),3
The Messi Era - Official Movie,3
2018 FIFA World Cup | The Official Film,3
Celine Dion - Because You Loved Me [Official Live Video] HD,3
SPIDER-MAN 3 [2007] - Official Trailer (HD),3
Juice WRLD - Up Up And Away (Official Audio),3
Juice WRLD - Up Up And Away (Official Audio),3
Anson Seabra - I Can't Carry This Anymore (Official Lyric Video),3
Jaymes Young - Happiest Year [Official Music Video],3
Kid Cudi - Pursuit of Happiness Project X (Official Music) HD,3
Soccer Pump Up Mix (Hype Video  2015) HD,3
Young Thug - Bubbly (with Drake & Travis Scott) [Official Audio],3
"G-Eazy - Power (Official Video) ft. Nef The Pharaoh, P-Lo",3
Dillon Francis - Say Less (ft. G-Eazy) (Official Music Video),3
Snow Patrol - Chasing Cars (Official Video),3
The Lumineers - Sleep On The Floor (Official Video),3
JP Saxe - If the World Was Ending (Official Video) ft. Julia Michaels,3
Adele - Someone Like You (Official Music Video),3
Are you 'tone deaf'? Watch this video to find out! (Part 1),3
Baby Keem - 16 (Official Video),3
Rauw Alejandro & Chencho Corleone - Desesperados (Video Oficial),3
Jaden - Rainbow Bap (Official Visualizer),3
Lil Skies - Lust [Official Music Video] (Dir. by @NicholasJandora),3
"BlocBoy JB & Drake ""Look Alive"" Prod By: Tay Keith (Official Music Video) Shot By: @YooAli",3
French Montana - No Stylist (Official Video) ft. Drake,3
Meek Mill - Going Bad feat. Drake (Official Video),3
"benny blanco, Juice WRLD - Graduation (Official Music Video)",3
Baby Keem - Honest (Official Video),3
flora cash - You're Somebody Else (Lyric Video),3
Baby Keem - Honest (Official Video),3
"Baby Keem, Kendrick Lamar - family ties (Official Video)",3
"benny blanco, Juice WRLD - Graduation (Official Music Video)",3
Juice wrld seizure video (camera footage) legit!,3
JABBAWOCKEEZ - FAMILY TIES by Baby Keem (DANCE VIDEO),3
"Baby Keem, Kendrick Lamar - family ties (Official Video)",3
When the Video is too Short,3
"Baby Keem, Travis Scott - durag activity (Official Video)",3
Baby Keem - trademark usa (Official Audio),3
"Baby Keem, Kendrick Lamar - family ties (Official Video)",3
Meek Mill - Going Bad feat. Drake (Official Video),3
Juice WRLD - Robbery (Official Music Video),3
"benny blanco, Juice WRLD - Graduation (Official Music Video)",3
Jaden - Rainbow Bap (Official Visualizer),3
Jaden - Summertime In Paris ft. Willow (Official Audio),3
Meek Mill - Pray For Em (Official Instrumental) (prod. by C-Sick),3
Jon Bellion - All Time Low (Official Music Video),3
"benny blanco, Juice WRLD - Graduation (Official Music Video)",3
Bazzi - Mine [Official Music Video],3
Bazzi - Paradise [Official Music Video],3
Bazzi - Young & Alive [Official Music Video],3
Jaden - Rainbow Bap (Official Visualizer),3
Jaden - Summertime In Paris ft. Willow (Official Audio),3
KSI ‚Äì Holiday [Official Music Video],3
Chamillionaire - Ridin' (Official Music Video) ft. Krayzie Bone,3
Meek Mill - Pray For Em (Official Instrumental) (prod. by C-Sick),3
flora cash - You're Somebody Else (Lyric Video),3
Giovanni Reyna scouting video,3
Meek Mill - Pray For Em (Official Instrumental) (prod. by C-Sick),3
Jaden - Summertime In Paris ft. Willow (Official Audio),3
Meek Mill - Lord Knows (Official Instrumental) [Remade by Dell Beats],3
Meek Mill - Lord Knows (Official Instrumental) [Remade by Dell Beats],3
Meek Mill - Pray For Em (Official Instrumental) (prod. by C-Sick),3
Duke Dumont - Ocean Drive (Official Music Video),3
flora cash - You're Somebody Else (Lyric Video),3
WizTheMc - Lied (Official Lyric Video),3
WizTheMc - Do It Over (Official Music Video),3
Jaden - Summertime In Paris ft. Willow (Official Audio),3
Jaden - Rainbow Bap (Official Visualizer),3
THE BEST FREEKICK VIDEO ON YOUTUBE,3
This Video Will Make You Better At Math,3
SR - Welcome To Brixton [Music Video] | GRM Daily,3
KSI RUINED THIS VIDEO,3
Big Time Rush - Boyfriend (Official Video) ft. Snoop Dogg,3
KSI RUINED THIS VIDEO,3
Outkast - Hey Ya! (Official HD Video),3
"Snoop Dogg & Wiz Khalifa - Young, Wild and Free ft. Bruno Mars [Official Video]",3
Kid Cudi - Pursuit Of Happiness (Acoustic 2021 Original) (Official Audio),3
KSI RUINED THIS VIDEO,3
CS Video 1,3
CS Video 2,3
Soccer Pump Up Mix (Hype Video  2015) HD,3
Dominic Fike - 3 Nights (Official Video),3
Dominic Fike - Double Negative (Skeleton Milkshake) (Official Audio),3
Why I Couldn't Turn Up To This ChrisMD Video...,3
Migos - Racks 2 Skinny (Official Video),3
KSI ft Ricegum - Earthquake (Official Music Video) 1080p,3
The Best Goal of This Video Becomes an NFT,3
Randolph - MANCHILD (Deji Diss Track) Official Video,3
KSI & Randolph - Beerus (Official Music Video),3
Kodak Black - ZEZE (feat. Travis Scott & Offset) [Official Audio],3
Metro Boomin - Space Cadet (feat. Gunna) [OFFICIAL AUDIO],3
Lil Baby x Gunna - Drip Too Hard (Official Audio),3
J BALVIN x BAD BUNNY - LA CANCI√ìN | OASIS (Video Oficial),3
trippie redd me (official interview),3
"Lil Yachty - Minnesota ft. Quavo, Skippa da Flippa (Official VIdeo)",3
bbno$ & Rich Brian - edamame (Official Video),3
17 Most Beautiful Countries in Europe - Travel Video,3
My Last Video with JJ,3
üí∞ Calfreezy Reveals His HIGHEST Earning Video üí∞,3
Peach Tree Rascals - Fumari (Official Music Video),3
Chamillionaire - Ridin' (Official Music Video) ft. Krayzie Bone,3
The Killers - Mr. Brightside (Official Music Video),3
The Killers - Mr. Brightside (Official Music Video),3
Maroon 5 - Misery (Official Music Video),3
Proof That ZIAS are HIGH In Every Video.,3
BIG SHAQ - MANS NOT HOT (MUSIC VIDEO)- REACTION @MichaelDapaah,3
Tobi & Manny - Destined For Greatness (feat. Janell√©) [Official Music Video],3
The Best Goal of This Video Becomes an NFT,3
Meek Mill - Going Bad feat. Drake (Official Video),3
"Drake - Knife Talk (Official Video) ft. 21 Savage, Project Pat",3
WizTheMc - For A Minute (Official Music Video),3
The Best Goal of This Video Becomes an NFT,3
Neymar: The Perfect Chaos | Official Trailer | Netflix,3
Dominic Fike - 3 Nights (Official Video),3
"Jhay Cortez, Myke Towers - Los Bo (Official Video)",3
Gunna - P power (feat. Drake) [Official Audio],3
The Best Goal of This Video Becomes an NFT,3
The AMAZING SPIDER-MAN 2 - Official Trailer #2 (HD),3
The Best Goal of This Video Becomes an NFT,3
Nio Garcia x J Balvin x Bad Bunny  - AM Remix (Video Oficial),3
6ix9ine is in a Video Game...,3
Jaden - LUCY! (Official Visualizer),3
Conan Gray - Heather (Official Lyric Video),3
papichuloteej - Do Better [Official Audio],3
You will never know why this video has over 100k views,3
PUBLIC - Make You Mine (Official Lyric Video),3
PUBLIC - Make You Mine (Put Your Hand in Mine) [Official Video],3
Brown Video Portfolio (Accepted Class of 2025) || Elijah C,3
Brown University Video Portfolio *Rejected* | Class of 2025,3
Sidemen - Merry Merry Christmas Ft. Jme & LayZ (Official Music Video),3
Jason Mraz  - Have It All (Official Video),3
Jason Mraz - Lucky (feat. Colbie Caillat) [Official Video] [HD Remaster],3
Maroon 5 - Sugar (Official Music Video),3
ABBA - Dancing Queen (Official Music Video),3
Bee Gees - Stayin' Alive (Official Music Video),3
Berlin - Take My Breath Away (Official Video - Top Gun),3
Jaden - LUCY! (Official Visualizer),3
"Post Malone, Swae Lee - Sunflower (Spider-Man: Into the Spider-Verse) (Official Video)",3
Jay Wheeler - La Curiosidad ft. Myke Towers (Official Video),3
"Post Malone, Swae Lee - Sunflower (Spider-Man: Into the Spider-Verse) (Official Video)",3
"Black Eyed Peas, J Balvin - RITMO (Bad Boys For Life) (Official Music Video)",3
This video is about your mom..,3
"DJ Snake - Taki Taki ft. Selena Gomez, Ozuna, Cardi B (Official Music Video)",3
"Black Eyed Peas, J Balvin - RITMO (Bad Boys For Life) (Official Music Video)",3
BAD BUNNY FT. EL ALFA - LA ROMANA | X100PRE (Video Oficial),3
"Sean Paul, J Balvin - Contra La Pared (Lyric Video)",3
"ROSAL√çA, J Balvin - Con Altura (Official Video) ft. El Guincho",3
Jaden - Summertime In Paris ft. Willow (Official Audio),3
Adin Ross Makes It Into POLO G's Music Video,3
Sidemen - Merry Merry Christmas Ft. Jme & LayZ (Official Music Video),3
Sidemen - The Gift Ft. S-X (Official Music Video),3
"Becky G, El Alfa - FULANITO (Official Video)",3
The Outfield - Your Love (Official HD Video),3
"Earth, Wind & Fire - September (Official HD Video)",3
ABBA - Dancing Queen (Official Music Video),3
Bee Gees - Stayin' Alive (Official Music Video),3
"Becky G, El Alfa - FULANITO (Official Video)",3
Miley Cyrus - Party In The U.S.A. (Official Video),3
"Arc√°ngel, Bad Bunny - Original (Video Oficial)",3
"Logic - 1-800-273-8255 ft. Alessia Cara, Khalid (Official Video)",3
POP SMOKE - DIOR (OFFICIAL VIDEO),3
Roddy Ricch - The Box [Official Audio],3
Sidemen - Merry Merry Christmas Ft. Jme & LayZ (Official Music Video),3
"Becky G, El Alfa - FULANITO (Official Video)",3
"Powers Pleasant - Please Forgive (Official Video) ft. Denzel Curry, IDK, Zillakami & Zombie Juice",3
Jack Harlow & Pooh Shiesty - SUVs (Black on Black) [Official Audio],3
Jack Harlow - Face Of My City (feat. Lil Baby) [Official Audio],3
Lord Huron - The Night We Met (Official Lyric Video),3
Labrinth - Jealous (Official Video),3
Juice WRLD - Make Believe (Official Audio),3
"Sean Paul, J Balvin - Contra La Pared (Lyric Video)",3
POP SMOKE - DIOR (OFFICIAL VIDEO),3
"Jack Harlow - WHATS POPPIN feat. Dababy, Tory Lanez, & Lil Wayne [Official Video]",3
POP SMOKE - DIOR (OFFICIAL VIDEO),3
"Lil Baby, Gunna, Drake - Never Recover (Official Audio)",3
Cardi B - WAP feat. Megan Thee Stallion [Official Audio],3
"Becky G, El Alfa - FULANITO (Official Video)",3
POP SMOKE - DIOR (OFFICIAL VIDEO),3
"Lil Baby, Gunna, Drake - Never Recover (Official Audio)",3
The Script - Superheroes (Official Video),3
G-Eazy - I Mean It (Official Music Video) ft. Remo,3
"Fulanito - Becky G, El Alfa | FitDance (Coreografia) | Dance Video",3
G-Eazy - I Mean It (Official Music Video) ft. Remo,3
MACKLEMORE & RYAN LEWIS - THRIFT SHOP FEAT. WANZ (OFFICIAL VIDEO),3
070 Shake - Guilty Conscience (Official Video),3
POP SMOKE - DIOR (OFFICIAL VIDEO),3
T-Wayne - Nasty Freestyle (Official Music Video),3
Lil Baby x Gunna - Drip Too Hard (Official Audio),3
POP SMOKE - DIOR (OFFICIAL VIDEO),3
"Lil Baby, Gunna, Drake - Never Recover (Official Audio)",3
"Metro Boomin - ""No Complaints"" feat. Offset & Drake [Official Audio]",3
Meek Mill - R.I.C.O. Feat. Drake (Official Audio),3
Meek Mill - Going Bad feat. Drake (Official Video),3
"Offset & Metro Boomin  - ""Ric Flair Drip"" (Official Audio)",3
"Tee Grizzley - ""From The D To The A ft. Lil Yachty"" [Official Video]",3
G-Eazy - I Mean It (Official Music Video) ft. Remo,3
A$AP Rocky - Praise The Lord (Da Shine) (Official Video) ft. Skepta,3
Lauv & Troye Sivan - i'm so tired... [Official Visualizer],3
"Becky G, El Alfa - FULANITO (Official Video)",3
"Fulanito - Becky G, El Alfa | FitDance (Coreografia) | Dance Video",3
The Script - Superheroes (Official Video),3
Bruno Mars - When I Was Your Man (Official Music Video),3
Lord Huron - The Night We Met (Official Lyric Video),3
Freya Ridings - Lost Without You (Official Video),3
Jason Mraz - Lucky (feat. Colbie Caillat) [Official Video] [HD Remaster],3
"Offset & Metro Boomin  - ""Ric Flair Drip"" (Official Audio)",3
"Metro Boomin - ""No Complaints"" feat. Offset & Drake [Official Audio]",3
Meek Mill - R.I.C.O. Feat. Drake (Official Audio),3
"Lil Baby, Gunna, Drake - Never Recover (Official Audio)",3
FERG - Plain Jane (Official Video),3
POP SMOKE - DIOR (OFFICIAL VIDEO),3
Meek Mill - Going Bad feat. Drake (Official Video),3
"Bruno Mars, Anderson .Paak, Silk Sonic - Smokin Out The Window [Official Music Video]",3
"Bruno Mars, Anderson .Paak, Silk Sonic - Put On A Smile [Official Audio]",3
Desiigner - Panda (Official Music Video),3
Lil Baby - Woah (Official Audio),3
"Lil Baby, Gunna, Drake - Never Recover (Official Audio)",3
"Offset & Metro Boomin  - ""Ric Flair Drip"" (Official Audio)",3
"Tee Grizzley - ""From The D To The A ft. Lil Yachty"" [Official Video]",3
POP SMOKE - DIOR (OFFICIAL VIDEO),3
Lil Uzi Vert - XO Tour Llif3 (Official Lyric Video),3
Migos - Bad and Boujee ft Lil Uzi Vert [Official Video],3
Migos - Walk It Talk It ft. Drake (Official Video),3
Meek Mill - Going Bad feat. Drake (Official Video),3
"Jack Harlow - WHATS POPPIN feat. Dababy, Tory Lanez, & Lil Wayne [Official Video]",3
A$AP Rocky - Praise The Lord (Da Shine) (Official Video) ft. Skepta,3
Travis Scott - MAFIA (Official Audio),3
"Arc√°ngel, Sech, Romeo Santos - Sigues Con √âl Remix (Video Oficial)",3
"Lil Baby, Gunna - Business Is Business (Official Audio)",3
MACKLEMORE & RYAN LEWIS - THRIFT SHOP FEAT. WANZ (OFFICIAL VIDEO),3
ABBA - Dancing Queen (Official Music Video),3
Cher - Believe (Official Music Video) [4K Remaster],3
KSI ‚Äì Cap (feat. Offset) [Official Music Video],3
KSI x Lil Wayne - Lose [Official Music Video],3
Ed Sheeran - Happier (Official Music Video),3
MACKLEMORE & RYAN LEWIS - THRIFT SHOP FEAT. WANZ (OFFICIAL VIDEO),3
"Chris Brown - Look at Me Now (Official Video) ft. Lil Wayne, Busta Rhymes",3
Lil Baby x Gunna - Drip Too Hard (Official Audio),3
"XXXTentacion ""A Ghetto Christmas Carol"" (WSHH Exclusive - Official Audio)",3
Lord Huron - The Night We Met (Official Lyric Video),3
Bruno Mars - Talking To The Moon (Official Lyric Video),3
Bruno Mars - When I Was Your Man (Official Music Video),3
Olivia Rodrigo - drivers license (Official Video),3
Ed Sheeran - Happier (Official Music Video),3
Passenger | Let Her Go (Official Video),3
VIDEO GAME HOUSE 5,3
Lil Baby x Gunna - Drip Too Hard (Official Audio),3
Boza - Ella (Official Video),3
Ozuna - Hasta Que Salga El Sol | Cap.2 ( Video Oficial),3
"Arc√°ngel, Sech, Romeo Santos - Sigues Con √âl Remix (Video Oficial)",3
Rauw Alejandro - C√∫rame (Video Oficial),3
La Cama (Remix) - Lunay X Myke Towers X Ozuna ft. Chencho Corleone X Rauw Alejandro (Video Oficial),3
Tu Eres AJENA üé§ - Eddy Herrera [Video Oficial],3
"Tee Grizzley - ""From The D To The A ft. Lil Yachty"" [Official Video]",3
NAV & Gunna ft. Travis Scott - Turks (Official Video) ft. Travis Scott,3
"Powers Pleasant - Please Forgive (Official Video) ft. Denzel Curry, IDK, Zillakami & Zombie Juice",3
Lil Baby x Gunna - Drip Too Hard (Official Audio),3
"Tee Grizzley - ""From The D To The A ft. Lil Yachty"" [Official Video]",3
"BlocBoy JB & Drake ""Look Alive"" Prod By: Tay Keith (Official Music Video) Shot By: @YooAli",3
Meek Mill - Going Bad feat. Drake (Official Video),3
"Chris Brown - Look at Me Now (Official Video) ft. Lil Wayne, Busta Rhymes",3
Rae Sremmurd - No Type (Official Video),3
"Powers Pleasant - Please Forgive (Official Video) ft. Denzel Curry, IDK, Zillakami & Zombie Juice",3
The Messi Era - Official Movie,3
Dean Lewis - Be Alright (Official Video),3
Shawn Mendes - Imagination (Official Audio),3
MACKLEMORE & RYAN LEWIS - THRIFT SHOP FEAT. WANZ (OFFICIAL VIDEO),3
Juice WRLD - Robbery (Official Music Video),3
Juice WRLD - All Girls Are The Same (Official Music Video),3
"BlocBoy JB & Drake ""Look Alive"" Prod By: Tay Keith (Official Music Video) Shot By: @YooAli",3
"Tee Grizzley - ""From The D To The A ft. Lil Yachty"" [Official Video]",3
Meek Mill - Millidelphia (feat. Swizz Beats) [Official Audio],3
Meek Mill - Going Bad feat. Drake (Official Video),3
The Script - Hall of Fame (Official Video) ft. will.i.am,3
SCREAM | Official Trailer (2022 Movie) | Paramount Pictures Australia,3
Dean Lewis - Waves (Official Video),3
Major Lazer & Ellie Goulding - Powerful (feat. Tarrus Riley) [Official Music Video],3
Meek Mill - Going Bad feat. Drake (Official Video),3
Meek Mill - Litty (feat. Tory Lanez) [OFFICIAL MUSIC VIDEO],3
Sidemen - The Gift Ft. S-X (Official Music Video),3
"Becky G, Ozuna - No Drama (Official Video)",3
KSI Is Far Too Rich For This Video,3
Roddy Ricch - The Box [Official Music Video]- REACTION,3
Trippie Redd ‚Äì Demon Time (Official Music Video)- REACTION w/ Trippie Redd,3
Meek Mill - R.I.C.O. Feat. Drake (Official Audio),3
KSI ‚Äì Houdini (feat. Swarmz & Tion Wayne) [Official Music Video],3
KSI x Lil Wayne - Lose [Official Music Video],3
Keith Ape x Ski Mask The Slump God - Achoo! (Official Music Video),3
Dean Lewis - Waves (Official Video),3
Tom Walker - Leave a Light On (Official Video),3
"G-Eazy - Power (Official Video) ft. Nef The Pharaoh, P-Lo",3
Roddy Ricch - The Box [Official Music Video]- REACTION,3
"G-Eazy - Power (Official Video) ft. Nef The Pharaoh, P-Lo",3
G-Eazy - The Plan (Official Video),3
Steve Harvey's emotional tribute to his mom! [Full Video],3
THE BEST FREEKICK VIDEO ON YOUTUBE,3
Lauv & Troye Sivan - i'm so tired... [Official Visualizer],3
KSI x Lil Wayne - Lose [Official Music Video],3
Lauv & Troye Sivan - i'm so tired... [Official Visualizer],3
Jenna Anne - The Gay Song (Lyric Video),3
Tee Grizzley First Day Out (Official Music Video)- REACTION,3
UW Informatics Application Video,3
Harry's unreleased video,3
"tick, tick...BOOM! | OFFICIAL TEASER | Netflix",3
VENOM: LET THERE BE CARNAGE - Official Trailer 2 (HD),3
VENOM: LET THERE BE CARNAGE - Official Trailer (HD),3
"Lil Baby, Gunna - Business Is Business (Official Audio)",3
Nio Garcia x J Balvin x Bad Bunny  - AM Remix (Video Oficial),3
VENOM 2 Official Trailer (2021),3
VENOM: LET THERE BE CARNAGE - Official Trailer 2 (HD),3
KSI x Lil Wayne - Lose [Official Music Video],3
VENOM: LET THERE BE CARNAGE - Official Trailer 2 (HD),3
SIDEMEN: THE MOVIE (Official Trailer),3
THE BEST FREEKICK VIDEO ON YOUTUBE,3
Sidemen Beef - LET‚ÄôS BE HAVIN‚Äô YOU (DISS TRACK) Official Video,3
SPIDER-MAN: NO WAY HOME - Official Teaser Trailer,3
Randolph - MANCHILD (Deji Diss Track) Official Video,3
KSI & Randolph - Beerus LYRICS (Official Lyrics),3
KSI & Randolph - Beerus (Official Music Video),3
SPIDER-MAN: NO WAY HOME - Official Teaser Trailer (HD),3
G-Eazy - Running Wild (Tumblr Girls 2) (Official Video) ft. Kossisko,3
KSI & Randolph - Beerus (Official Music Video),3
KSI x Lil Wayne - Lose [Official Music Video],3
Proof That ZIAS are HIGH In Every Video.,3
Jack Harlow - Automatic [Official Audio],3
Juice WRLD - Hear Me Calling (Official Music Video)- REACTION w/ Juice WRLD,3
Ski Mask The Slump God - ADMIT IT (Official Music Video)- w/ Ski Mask and Adin Ross,3
Tory Lanez - SKAT (feat. DaBaby) [Official Music Video]- REACTION w/ Tory Lanez & Adin Ross,3
6IX9INE- GOOBA (Official Music Video)- REACTION,3
W2S - KSI Sucks (RiceGum & KSI Diss Track) Official Video- REACTION,3
Q&A | VIDEO QUESTIONS,3
Tobi & Manny - Destined For Greatness (feat. Janell√©) [Official Music Video],3
Three Lions (Football's Coming Home) (Official Video),3
Randolph - MANCHILD (Deji Diss Track) Official Video,3
THE END - SIDEMEN DISS TRACK DEJI REPLY (Official Music Video),3
KSI'S LITTLE BROTHER - DEJI DISS TRACK (OFFICIAL MUSIC VIDEO),3
W2S - KSI Sucks (RiceGum & KSI Diss Track) Official Video,3
KSI x Lil Wayne - Lose [Official Music Video],3
KSI - Two Birds One Stone (Official Music Video),3
KSI & Randolph - Beerus (Official Music Video),3
KSI x Lil Wayne - Lose [Official Music Video],3
KSI x Lil Wayne - Lose [Official Music Video],3
Kodaline - Brother (Official Video),3
KSI x Lil Wayne - Lose [Official Music Video],3
When You Can't Afford To Buy Video Games,3
KSI x Lil Wayne - Lose [Official Music Video],3
Lionel Messi - The GOAT - Official Movie,3
She Lost Everything She Loved | Coldplay ‚Äì Fix You (Sad Music Video),3
LION MENTALITY - Motivational Video,3
"""Success is a lonely road"" - Motivational Video",3
BREAKUP - Motivational Video | One Bad Day,3
university of washington / most beautiful college campus / cinematic video,3
Smiley - Over The Top (feat. Drake) [Official Audio],3
I Played the TOP 10 most POPULAR Video Games in ONE VIDEO!,3
Fetty Wap  - Trap Queen (Official Video) Prod. By Tony Fadd,3
Tinie Tempah - Girls Like ft. Zara Larsson (Official Video),3
Tobi & Manny - Destined For Greatness (feat. Janell√©) [Official Music Video],3
"Jack Harlow - WHATS POPPIN feat. Dababy, Tory Lanez, & Lil Wayne [Official Video]",3
A Boogie Wit Da Hoodie - Drowning (feat. Kodak Black) [Official Audio],3
A$AP Rocky - Praise The Lord (Da Shine) (Official Video) ft. Skepta,3
KSI ‚Äì Cap (feat. Offset) [Official Music Video],3
KSI & Randolph - Beerus (Official Music Video),3
Deji - Sidemen Diss Track (Official Music Video),3
Sidemen - The Gift Ft. S-X (Official Music Video),3
10 Most Beautiful Beaches in the World - Travel Video,3
How it be Selling Games Back to GameStop! (ORIGINAL VIDEO),3
Cardi B - Bodak Yellow [OFFICIAL MUSIC VIDEO],3
"Usher - Yeah! (Official Video) ft. Lil Jon, Ludacris",3
MKTO - Classic (Official Video),3
Prince Royce - Stuck On a Feeling (Official Lyric Video) ft. Snoop Dogg,3
Trapp Tarell - My Sui.cide Letter  (FULL STORY)(OFFICIAL MUSIC VIDEO),3
Meek Mill - Lord Knows (Official Instrumental) [Remade by Dell Beats],3
Billie Eilish - Ocean Eyes (Official Music Video),3
"Young Thug, Meek Mill, & T-Shyne - That Go! [Official Audio] | Young Stoner Life",3
Lil Baby Feat. Lil Uzi Vert - Commercial (Official Audio),3
Money Man - 24 (Official Video) ft. Lil Baby,3
Gunna - Oh Okay ft. Young Thug & Lil Baby [Official Music Video],3
Deji - RAN (Official Music Video),3
Randolph - MANCHILD (Deji Diss Track) Official Video,3
KSI - Two Birds One Stone (Official Music Video),3
Steve Harvey's emotional tribute to his mom! [Full Video],3
"ChrisMD Lost Over ¬£100,000 Making This Video",3
‚ÄúThis is Football!‚Äù - Motivational Video,3
"Macklemore x Ryan Lewis ""WINGS"" Official Music Video",3
MACKLEMORE & RYAN LEWIS - THRIFT SHOP FEAT. WANZ (OFFICIAL VIDEO),3
MACKLEMORE & RYAN LEWIS - CAN'T HOLD US FEAT. RAY DALTON (OFFICIAL MUSIC VIDEO),3
Deorro x Chris Brown - Five More Hours (Official Video) [Ultra Records],3
Omarion Ft. Chris Brown & Jhene Aiko - Post To Be (Official Music Video),3
"Fetty Wap ""My Way"" feat. Monty [Official Video]",3
"Fetty Wap ""679"" feat. Remy Boyz [Official Video]",3
"Chris Brown - Look at Me Now (Official Video) ft. Lil Wayne, Busta Rhymes",3
Saweetie - Best Friend (feat. Doja Cat) [Official Music Video],3
KSI - Killa Killa [Thrilla Thrilla] feat. Aiyana-Lee Official Music Video,3
KSI - Two Birds One Stone (Official Music Video),3
Sidemen - The Gift Ft. S-X (Official Music Video),3
Deorro x Chris Brown - Five More Hours (Official Video) [Ultra Records],3
"benny blanco, Juice WRLD - Graduation (Official Music Video)",3
"Logic - 1-800-273-8255 ft. Alessia Cara, Khalid (Official Video)",3
Olivia Rodrigo - All I Want (Official Video),3
Anson Seabra - Broken (Official Lyric Video),3
Anson Seabra - I Can't Carry This Anymore (Official Lyric Video),3
The Weeknd - Earned It (from Fifty Shades Of Grey) (Official Lyric Video),3
Everybody Loves An Outlaw - I See Red (Official Lyric Video),3
"Wisin & Yandel, Jennifer Lopez - Follow The Leader (Official Video) ft. Jennifer Lopez",3
KSI ‚Äì Killa Killa (feat. Aiyana-Lee) [Official Lyric Video],3
Lil Wayne - 6 Foot 7 Foot ft. Cory Gunz (Explicit) (Official Music Video),3
KSI - Killa Killa [Thrilla Thrilla] feat. Aiyana-Lee Official Music Video,3
Follow The Leader (Lyric Video),3
Anson Seabra - I Can't Carry This Anymore (Official Lyric Video),3
Cardi B - Bodak Yellow [OFFICIAL MUSIC VIDEO],3
Steve Harvey's emotional tribute to his mom! [Full Video],3
Coolio - Gangsta's Paradise (feat. L.V.) [Official Music Video],3
"Pop Smoke ""Welcome To The Party"" Official Lyrics & Meaning | Verified",3
THE CONJURING: THE DEVIL MADE ME DO IT ‚Äì Official Trailer,3
THE UNHOLY - Official Trailer (HD) | Now Playing in Theaters,3
THE CONJURING: THE DEVIL MADE ME DO IT ‚Äì Official Trailer,3
‚ÄúThis is Football!‚Äù - Motivational Video,3
Future & Lil Uzi Vert - That's It [Official Music Video],3
Tee Grizzley - 2 Vaults (ft. Lil Yachty) [Official Lyric Video],3
Tee Grizzley - 2 Vaults (ft. Lil Yachty) [Official Video],3
Tory Lanez - Stupid Again (Official Music Video) *Edited by : Tory Lanez & Joann,3
Money Man - 24 (Official Video) ft. Lil Baby,3
Lil Uzi Vert - XO Tour Llif3 (Official Lyric Video),3
How to ombre hair with peroxide  video 2,3
"Gryffin, Bipolar Sunshine - Whole Heart (Official Video)",3
"""Revenge"" - A Minecraft Parody of Usher's DJ Got Us Fallin' In Love (Music Video)",3
Logic - 1-800-273-8255 ft. Alessia Cara & Khalid (Official Audio),3
The Kid LAROI - WITHOUT YOU (Official Video),3
"Logic - 1-800-273-8255 ft. Alessia Cara, Khalid (Official Video)",3
Logic - 1-800-273-8255 ft. Alessia Cara & Khalid (Official Audio),3
Colbie Caillat - Try (Official Video),3
‚ÄúThis is Football!‚Äù - Motivational Video,3
Official Minecraft Trailer,3
Bobby Shmurda - Hot N*gga (Official Music Video),3
Washington Huskies Football - 2017 Hype Video,3
THE BEST FREEKICK VIDEO ON YOUTUBE,3
university of washington / most beautiful college campus / cinematic video,3
Na√Øka - Sauce (Official Audio),3
Juice WRLD - Lucid Dreams (Official Music Video),3
‚ÄúThis is Football!‚Äù - Motivational Video,3
Soccer Pump Up Mix (Hype Video  2015) HD,3
MSOC: 2019 NCAA Tournament Hype Video,3
Cepill√≠n La Feria de Cepillin ( VIDEO OFICIAL HD),3
Jack Harlow - HEY BIG HEAD [Official Audio],3
"Lil Baby, Gunna, Drake - Never Recover (Official Audio)",3
