Title,Category
THIS IS HOW THE WORLD ENDS!,News & Politics
Top Lies You Still Believe,News & Politics
REACTING TO W2S BEING A SAVAGE,News & Politics
Controversial Moments,News & Politics
How THANOS bullied the INFINTY STONE from THE AVENGERS in Wakanda,News & Politics
How KRATOS violated THE GODS OF OLYMPUS in the WORST ways,News & Politics
SIDEMEN DEBATE CLUB,News & Politics
What If Humans Were Never On This Planet?,News & Politics
How KRATOS violated THE GODS OF OLYMPUS in the WORST ways,News & Politics
Audio Data Processing in Python,News & Politics
ABC News Live,News & Politics
Audio Data Processing in Python,News & Politics
How THANOS bullied the INFINTY STONE from THE AVENGERS in Wakanda,News & Politics
PEOPLE WHO WERE EXTREMELY *UNLUCKY*,News & Politics
MOST UNLUCKY PEOPLE IN THE WORLD,News & Politics
People Who Let Their Intrusive Thoughts Win,News & Politics
SIDEMEN DEBATE CLUB,News & Politics
Unbelievable Internet Confessions!,News & Politics
Analysing TOXIC players to see if it's a Skill Issue or Support diff,News & Politics
Ğ¡ĞŸĞĞ Ğ¢Ğ˜Ğ’ĞĞ«Ğ• Ğ“ĞĞĞšĞ˜ Ğ’ ĞšĞĞ Ğ•Ğ•,News & Politics
Isnâ€™t that right princess,News & Politics
Meet the Deadliest Cat on the Planet,News & Politics
Ğ¡ĞšĞĞĞ”ĞĞ›Ğ¬ĞĞĞ¯ Ğ”Ğ«Ğ Ğ¯Ğ’ĞĞ¯ Ğ¡Ğ¢Ğ•ĞĞ Ğ’ Ğ¯ĞŸĞĞĞ˜Ğ˜,News & Politics
Ğ¡ĞšĞĞ›Ğ¬Ğ—ĞšĞĞ¯ Ğ›Ğ•Ğ¡Ğ¢ĞĞ˜Ğ¦Ğ Ğ’ Ğ¯ĞŸĞĞĞ˜Ğ˜,News & Politics
The Office but it's just the debates,News & Politics
He rated the NSX a 0,News & Politics
Hamlet (Grades 6/7 Winner: 3rd Place),News & Politics
I Can Neither Confirm Nor Deny!,News & Politics
Viewed Tired of this team. Tired of Kai Havertz. Tired of having the most diabolical selection of forwards known to mankind. Tired of life tbh.,News & Politics
POV: You're the RUSHER Activision loves to ban..,News & Politics
WHY I DON'T RATE COLE PALMER,News & Politics
Michael Jackson - Billie Jean (Live at Madison Square Garden 2001),News & Politics
Army Of Hell Vs Army Of Heaven War Fight Scene FULL BATTLE 4K ULTRA HD - DIABLO,News & Politics
"""Pro-Women"" was RIGHT THERE!!!",News & Politics
Arizona's Abortion Laws are Illogical,News & Politics
Global Warming SAVED OUR PLANET,News & Politics
It all makes sense,News & Politics
Don't Underestimate My Racism,News & Politics
Atlanta's Got Some DESPERATE Women,News & Politics
Akaash Singh Predicted Dems Loss to Trump,News & Politics
"i'm sorry, it's time to talk about Jack Grealish",News & Politics
Why I HATE The Euros...,News & Politics
PROOF THAT THE PREMIER LEAGUE IS RIGGED?!?! (HATEWATCHING EPISODE 3),News & Politics
PROOF THAT THE PREMIER LEAGUE IS RIGGED?!?! (HATEWATCHING EPISODE 3),News & Politics
The Top 10 Pieces of Evidence from BuzzFeed Unsolved and Ghost Files,News & Politics
Judge orders maximum sentence for teen driver of stolen Kia in deadly crash,News & Politics
You WON'T Believe These RACIST Towns,News & Politics
Jew Not Like Us!! Out now ğŸ‡®ğŸ‡±âœ¡ï¸ğŸ™ğŸ˜‡â¤ï¸,News & Politics
MSNBC,News & Politics
Italy 2-2 Belgium | Gladiator fight in Rome âš”ï¸ | #REDDEVILS | #NationsLeague,News & Politics
ABC News Live,News & Politics
IM FIGHTING JOJO SIWA - Talk Tuah Ep. 5,News & Politics
Special Counsel Jack Smith SLAPS New Election Fraud Filing Against TRUMP,News & Politics
â€˜Feels a little strangeâ€™: MSNBC reporter revisits the site of the first Trump assassination attempt,News & Politics
NBC News NOW,News & Politics
MSNBC,News & Politics
Rejected From The Only College I Applied To (NYU Rejection),News & Politics
What If Alien Life Were Silicon-Based?,News & Politics
Introducing Talk Tuah with Haliey Welch,News & Politics
*HEATED* Creating Our PL OVERRATED Xl 23/24 | FULL DEBATE!,News & Politics
I TOLD GRANNY ABOUT HAWK TUAH - Talk Tuah Ep. 2,News & Politics
Presidential Debate Was Insane,News & Politics
Recapping the first â€” and maybe only â€” presidential debate between Kamala Harris and Donald Trump,News & Politics
Ancient Scamming,News & Politics
Full Debate: Harris vs. Trump in 2024 ABC News Presidential Debate | WSJ,News & Politics
Watch the full Second Presidential Debate Hosted by ABC,News & Politics
Pennsylvania voters react to Harris-Trump debate,News & Politics
LIVE: NBC News NOW - Sept. 11,News & Politics
"The Strategic Reasoning Behind ""Ruining"" a Logo",News & Politics
75 LEGO SETS THAT BREAK THE RULES!,News & Politics
What Everyone Gets Wrong About Planes,News & Politics
Victory Von Doom (Isle of Doom Boss),News & Politics
The Shady Company That's Taken Over The USA,News & Politics
"The UGLY Truth of the ""Key of Solomon the King"" #historyfactsdaily #shortsviral #historyfacts",News & Politics
Tolkien's inspiration? #history #historicalfact #quickhistory #hobbits #hobbit #evolution,News & Politics
He clocked In right after this ğŸ˜‚,News & Politics
í•œì í•œ ë„ë¡œì— ìŸì•„ì§€ëŠ” ë¹—ì†Œë¦¬ì™€ í•¨ê»˜ ê¹Šì€ ì ì´ ë“ ë‹¤.,News & Politics
Uncovering the Alien Encounters of the US Government â€¢ Mystery Files,News & Politics
C O N T E N T,News & Politics
2+ Hours of Convincing Alien Theories To Fall Asleep To,News & Politics
It was an honest mistake,News & Politics
The Most Underrated Book of the Bible,News & Politics
Telosa - America's $400 Billion Dystopia,News & Politics
MS Satoshi - The Floating Crypto Bro Catastrophe,News & Politics
Pangeos Terayacht: An $8 Billion Engineering Disaster,News & Politics
Psychological Warfare in Warzone ğŸ¤¯ (Rebirth Island),News & Politics
fun fact,News & Politics
Trump TURNS AGAINST Crowd in DISASTER Vegas Speech,News & Politics
FULL SPEECH: Former President Donald Trump addresses Nevada voters,News & Politics
Wordle in a Minute - 3rd June 2024,News & Politics
Proof that r squared is correlation coefficient squared,News & Politics
ğŸ”¥PREDICCIÃ“N Copa AmÃ©rica 2024ğŸ”¥,News & Politics
The 360-Page Proof That 1+1=2,News & Politics
We live in the safest Times as Never BeforeğŸ¤” w/ Neil deGrasse Tyson,News & Politics
ë¯¸ë‹ˆ ë°”ì´í¬ ë ˆì´ìŠ¤,News & Politics
1-12th grade slander ğŸ’€,News & Politics
An asian that is almost fag but not fag yet - Buddhas plan,News & Politics
Brutal Dwarf Fight,News & Politics
ğ•­ğ–”ğ–”ğ–’ ğŸ’£,News & Politics
Spikes put out right in front of us! ğŸš¨,News & Politics
20 Minutes of USELESS Clash Royale Facts,News & Politics
Fortnite Season 4 Doesn't Feel Right,News & Politics
Hitler's Speech Translated To English - Joe Rogan,News & Politics
No MORE Traffic Tickets!,News & Politics
ìŠ¤í¬ì¸  ì„ ìˆ˜ê°€ ìì‹ ì˜ í•œê³„ë¥¼ ë„˜ì–´ì„¤ ë•Œ,News & Politics
Pizza Meter a correlation between Pizza and US invasions,News & Politics
"""Slavery"" ğŸ¤: @DanishMaqbool | Danish Maqbool",News & Politics
Any Indian will see through this,News & Politics
THEY SAID IT WAS BULLETPROOF!!,News & Politics
Would you get these right?,News & Politics
The Bo2 Lodestar ğŸ˜ #MW3 #warzone #callofduty,News & Politics
Corporate April Fools Have Gone Insane,News & Politics
This Kia EV9 is $78Kâ€¦but I canâ€™t lieâ€¦â€¦,News & Politics
Statistical Learning: 2.3 Model Selection and Bias Variance Tradeoff,News & Politics
Name 10 â€˜Aâ€™ Countries,News & Politics
Talk to Me (2022) KILL COUNT,News & Politics
Statistical Learning: 2.3 Model Selection and Bias Variance Tradeoff,News & Politics
Celebrity Closet Envy ğŸ‘— ğŸ‘ ,News & Politics
Why you here?,News & Politics
No context American politics 3,News & Politics
Truck slams into protester during Breonna Taylor demonstration in Hollywood | ABC7,News & Politics
Truck Plows Into Group Of Oklahoma Protesters | NBC News NOW,News & Politics
Portland protesters beat driver unconscious after crashing truck near Black Lives Matter rally,News & Politics
The Battle for Las Vegas,News & Politics
Misinformation spreads online as some in Congress fight what they see as censorship,News & Politics
These Octagon moments left our commentators SPEECHLESS ğŸ˜³,News & Politics
The fight that changed Tony Ferguson,News & Politics
What It's Really Like to Fight for the Islamic State,News & Politics
"With barricades, soldiers and new laws, Texas tries to deter illegal border crossings",News & Politics
Lebron Wants To Split The Bill ğŸ˜‚ğŸ’¸,News & Politics
Africanews english Live,News & Politics
Why This Species is 94% Gay,News & Politics
gay dogs,News & Politics
Can Dogs Be Gay?,News & Politics
Jumanne - â€œThrough The Strugglesâ€ Ep. 97,News & Politics
Jumanne - â€œThrough The Strugglesâ€ Ep. 98,News & Politics
Jumanne - â€œThrough The Strugglesâ€ Ep. 97,News & Politics
Jumanne - â€œThrough The Strugglesâ€ Ep. 47,News & Politics
Foo Fighters - Everlong,News & Politics
She left Speed speechless ğŸ˜³ #shorts #ishowspeed #sideeffects #trending,News & Politics
She lost it ğŸ˜‚,News & Politics
Cocky Fighter Gets Karma (@KarateCombat),News & Politics
Revealing Hidden Patterns in Geospatial Data | K Means Clustering,News & Politics
Revealing Hidden Patterns in Geospatial Data | K Means Clustering,News & Politics
Revealing Hidden Patterns in Geospatial Data | K Means Clustering,News & Politics
Revealing Hidden Patterns in Geospatial Data | K Means Clustering,News & Politics
Chris P Bacon   news anchor reporter looses control laughs at name of pig,News & Politics
Revealing Hidden Patterns in Geospatial Data | K Means Clustering,News & Politics
The Mandela Revelations,News & Politics
Miniminter & Zerkaa Were So Close ğŸ¤¦â€â™‚ï¸,News & Politics
Guess My Word: Wordle IRL,News & Politics
Name 7 Landlocked Countries,News & Politics
The cops LOVE MEâ€¦,News & Politics
It's not racist when you're right,News & Politics
How to SELF POP Your Shoulder for Instant Pain Relief,News & Politics
Every Lie You Believe In,News & Politics
Controversial Moments,News & Politics
7 DAYS IN SYRIA IN 2022,News & Politics
Who Hurt You?,News & Politics
Vanderpump Rules,News & Politics
These Fighters Were Too BROKEN for Smashâ€¦,News & Politics
#OliviaRodrigo accidentally followed her ex after stalking him on Instagram ğŸ˜¬ #JimmyFallon,News & Politics
How Ecuador Became One of the Worldâ€™s Most Violent Countries | WSJ,News & Politics
â€œhonesty is the best policyâ€ is a phrase I just came up with - liv pearsall #shorts,News & Politics
Find a Prime Number in given list using Python #python #pythonprogramming #primenumber,News & Politics
Python Program To Print All The Co Prime Numbers of Specific Number,News & Politics
Python Program #29 - Find Factors of a Number in Python,News & Politics
Python Program #29 - Find Factors of a Number in Python,News & Politics
INSTANTLY Improve Your MOVEMENT In Warzone!,News & Politics
Unboxing Ladies â€œNike RYZ 365â€ on RayTalkFeet.,News & Politics
Intense psychologically revealing conversations - The Office US,News & Politics
im actually in LOVE with this game right now.. | Spider-Man 2 #2,News & Politics
Suprising yall in person!,News & Politics
W2S VIOLATES TOBI!,News & Politics
TOBI GOT VIOLATED!,News & Politics
The Struggle Is Realer Than the Grind,News & Politics
An Unexpected Change of Plans,News & Politics
Right Back at It,News & Politics
How People Treat me in Person,News & Politics
Fortnite Season 4 Doesn't Feel Right,News & Politics
Is UT Austin right for you?,News & Politics
How Everybody Knows the same Facts about Hood Dudes,News & Politics
2023 MIT Integration Bee - Finals,News & Politics
"Why Michigan, FSU, Georgia shouldn't be happy with CFB Playoff selections",News & Politics
Ex: Solve an IVP Using Separation of Variables in the Form y'=(ax+b)/(xy^2),News & Politics
Why White People Date Minorities,News & Politics
Shine Bright like a An-94,News & Politics
"Ay Mark was TALKIN right here, send this to whoever needs to hear this ğŸ™ #rdcworld1 #inspiration",News & Politics
Pro Mentality,News & Politics
Washington HC Kalen DeBoer reacts to CFP selection | CFP Selection Show,News & Politics
Booger McFarland UPSET with Alabama over FSU in the CFP?! | CFP Selection Show,News & Politics
Ex: Solve an IVP Using Separation of Variables in the Form y'=(ax+b)/(xy^2),News & Politics
Ex: Solve an IVP Using Separation of Variables in the Form y'=axy+bx,News & Politics
Liberal Questions Charlie Kirk ğŸ‘€ğŸ”¥,News & Politics
Commitment Issues,News & Politics
Why the IRS sucks,News & Politics
Date planner,News & Politics
Swiftor Says lets count to one,News & Politics
Is Michigan UNDERRATED in this undefeated season?! #shorts #michiganfootball #bigten #jimharbaugh,News & Politics
Who Hurt You?,News & Politics
Why the IRS sucks,News & Politics
W Candace Owens #candaceowens #lgbtq #motivational,News & Politics
SWAT Them DOWN,News & Politics
Shine Bright like a An-94,News & Politics
BOLIVIA 2 0 PERÃš JORNADA 5 ELIMINATORIAS 2026 RELATO GONZALO COBO,News & Politics
ğŸ–¤â¤ï¸ Respect Jeremie Frimpong ğŸ«¶,News & Politics
W2S Defends Jesus!,News & Politics
Che confusione,News & Politics
HE IS A MENACE!,News & Politics
BEHZ GETS VIOLATED BY W2S!,News & Politics
W2S VIOLATES BEHZ!,News & Politics
W2S VIOLATES BEHZ!,News & Politics
W2S GOT CAUGHT IN THE ACT!,News & Politics
He was so close.. ğŸ˜,News & Politics
[FULL] Baker Mayfield 2017 Heisman Trophy acceptance speech | ESPN,News & Politics
Integration of tan^4 x sec^4 x,News & Politics
Chile 2-0 PerÃº | Eliminatorias 2026 | Fecha 3,News & Politics
"Don't Talk In The Mic, I'll Buy You Whatever You Want!ğŸ¤ğŸ’³ğŸ™ŒğŸ¼",News & Politics
Logan Paul Calls Out The Lies ğŸ˜³,News & Politics
Is Logan Paul V.S Conor McGregor A Fair Fight? ğŸ¤”,News & Politics
Does Behzinga Believe In Ghosts? ğŸ˜‚,News & Politics
Will Jake Paul Fight Canelo? ğŸ˜³,News & Politics
Jake Paul Will Fight Conor McGregor? ğŸ˜®,News & Politics
Sidemen - Ethan Responds To The Surname Debate ğŸ˜‚,News & Politics
You'll Never Believe How Many People Work For Danny,News & Politics
"Transformers: Age of Extinction (2014) || Lockdown: ""I feel sorry for you Prime.""",News & Politics
Why LOCKDOWN'S THEME SOUNDS SO GOOD ğŸ§ #optimusprime #Transformers #AgeOfExtinction #lockdown,News & Politics
Integration Application:  Displacement and Distance,News & Politics
Integration Application:  Displacement and Distance,News & Politics
They were not phased ğŸ˜‚,News & Politics
Revisiting GRIEF,News & Politics
The Community Ranks EVERY Call of Duty ZOMBIES From WORST to BEST,News & Politics
The Complete Unabridged Timeline of Call of Duty Zombies (World At War - Black Ops 4),News & Politics
How a Lore Accurate Batman Would Fight,News & Politics
Data Scientist - Day in Life in NYC,News & Politics
Donâ€™t Become a Data Scientist If,News & Politics
She let him down easy ğŸ˜‚,News & Politics
He was so willing to help ğŸ¥º,News & Politics
The Sad Truth About Bo2 PS3,News & Politics
I love my 2011,News & Politics
The Complete Unabridged Timeline of Call of Duty Zombies (World At War - Black Ops 4),News & Politics
Shine Bright like a An-94,News & Politics
"HILARIOUS ARGUMENTS! COD BO2! TRAE FLOCKA VS: ""LITTLE BILL"" #GOMFSFB",News & Politics
The Complete Unabridged Timeline of Call of Duty Zombies (World At War - Black Ops 4),News & Politics
The Complete Unabridged Timeline of Call of Duty Zombies (World At War - Black Ops 4),News & Politics
HILARIOUS ARGUMENTS! COD BLACK OPS 3! RACISTS GETS MAD AFTER LOSS IN UPLINK! #GOMFSFB #BLACKOPS3,News & Politics
Black Ops 2 headset audio configuration,News & Politics
The CoD Zombie Characters in Campaign...,News & Politics
Funny Xbox Live Argument on Black Ops 2!,News & Politics
The Complete Unabridged Timeline of Call of Duty Zombies (World At War - Black Ops 4),News & Politics
The BEST Players in the World STILL Can't Keep Me Alive - Call of Duty World at War Zombies,News & Politics
The Complete Unabridged Timeline of Call of Duty Zombies (World At War - Black Ops 4),News & Politics
The Complete Unabridged Timeline of Call of Duty Zombies (World At War - Black Ops 4),News & Politics
Angriest Xbox Live Arguments Ever (COMPILATION),News & Politics
The Complete Unabridged Timeline of Call of Duty Zombies (World At War - Black Ops 4),News & Politics
The Complete Unabridged Timeline of Call of Duty Zombies (World At War - Black Ops 4),News & Politics
Funniest Xbox Live Argument I've Ever Witnessed (Gears of War Judgement),News & Politics
Why LOCKDOWN'S THEME SOUNDS SO GOOD ğŸ§ #optimusprime #Transformers #AgeOfExtinction #lockdown,News & Politics
Billie Eilish brings out Armani White to Perform â€œBILLIE EILISHâ€ together #billieeilish,News & Politics
Feeling Crazy,News & Politics
POWERSLAP GONE RIGHT!,News & Politics
Â¡The Eye of Mexico llegÃ³ a Polanco! ğŸ˜,News & Politics
Debate Presidencial Ecuador 2023 - La vecindad del Chavo del 8,News & Politics
Lil Yachty & Drake have deep conversations,News & Politics
Lil Yachty loves what?,News & Politics
Polo G hates instagram and X,News & Politics
Canâ€™t believe this had over 65 million views,News & Politics
Don't Talk In The Mic!,News & Politics
Vinny has a stalker #jerseyshore,News & Politics
Transformers: Age of Extinction (2014) || Lockdown: The Cosmic Balance [4K],News & Politics
Why LOCKDOWN'S THEME SOUNDS SO GOOD ğŸ§ #optimusprime #Transformers #AgeOfExtinction #lockdown,News & Politics
Why LOCKDOWN'S THEME SOUNDS SO GOOD ğŸ§ #optimusprime #Transformers #AgeOfExtinction #lockdown,News & Politics
Transformers: Age of Extinction - Lockdown's Theme OST (Steve Jablonsky),News & Politics
"Transformers: Age of Extinction (2014) || Lockdown: ""I feel sorry for you Prime.""",News & Politics
La Factoria - Perdoname ft. Eddy Lover,News & Politics
W2S just had a feeling...,News & Politics
Adin Ross Lets N3ON Confront Adam22,News & Politics
INCREDIBLE Pickleball. Speechless ğŸ˜¶,News & Politics
When Charlie feels happy ğŸ˜€ #shorts,News & Politics
Revenge ğŸ˜‚,News & Politics
Chunkz demonstrates a freekick ğŸ¥¶,News & Politics
RULE NUMBER 1. Never disrespect a Brazilian in a 1v1. Check out FULL north London ep NOW! #football,News & Politics
Can I get your number?,News & Politics
The Golden Ratio: Nature's Favorite Number,News & Politics
Why Prem Keepers Would STRUGGLE At Wrexhamâ€¦,News & Politics
Rooney vs Aguero Debate ğŸ‘€,News & Politics
Integration Using u-Substitution,News & Politics
The Mandela Revelations,News & Politics
Trevor Wallace Makes Her Fall In LOVE...,News & Politics
Zerkaa Knows Every Single Flag In The World ğŸš©,News & Politics
Zerkaa Knows Kylie Jenner A Bit Too Well!,News & Politics
I CAN'T BELIEVE SHE'S NEVER...,News & Politics
She wants to have babies!,News & Politics
This is why I donâ€™t trust chaffee,News & Politics
I got rejected,News & Politics
"Katie got us a $30,000 private plane!",News & Politics
I love her smile,News & Politics
The Story: Lionel Messi ğŸ‡¦ğŸ‡· Fight For Glory,News & Politics
Genghis Khan - Master of Psychological Warfare #history #facts #shorts,News & Politics
Joe Rogan talks about his Chimaev Interview,News & Politics
My Intrusive Thoughts Won...,News & Politics
You wouldnâ€™t believe how close that was!! ğŸ˜±,News & Politics
The Conjuring Universe Timeline in Chronological Order (2021 Edition),News & Politics
The Paranormal Activity Timeline in Chronological Order,News & Politics
Ù…Ø¹Ø¬ÙˆÙ† ÙÙˆØ§ØµÙ„ Ø¬Ø¨Ø³ Ø¨ÙˆØ±Ø¯,News & Politics
When it BURSTS the RELIEF WOULD BE UNREAL!!!,News & Politics
Why Do People Hate Eminem?,News & Politics
Watch Expert EXPOSES TraxNYCâ€™s LIES! #shorts,News & Politics
I Think I Lost This Argument...,News & Politics
Sky Bri Makes Him Fall In Love...,News & Politics
Sky Bri's Mom Exposes Him...,News & Politics
Sky Bri Left Speechless,News & Politics
Sky Bri Falls In Love...,News & Politics
ØµØºÙŠØ± Ø¨Ø³ Ø¨ÙŠØ´ØªÙ…ğŸ˜‚,News & Politics
Scout God!! #csgo #counterstrike #purpl #purple #fun #cs #cs2 #scout,News & Politics
The Two Times Zombies Talk to you in Call of Duty,News & Politics
Trevor Wallace Approves âœ…,News & Politics
How Governments and Banks Keep You Poor,News & Politics
WOULD YOU RATHER...,News & Politics
Ø§Ù‚ÙˆÙŠ Ø±Ø¯ ÙØ¹Ù„ Ù‡ØªØ´ÙˆÙÙˆğŸ˜‚,News & Politics
Swiftor Says that's a no no,News & Politics
SWAT Them DOWN,News & Politics
What's Your Biggest Red Flag?,News & Politics
Pamaj Destroys QuickScope/Hater Trashtalker,News & Politics
Shine Bright like a An-94,News & Politics
SHERIDAN CUP | DIVISION 1 |  SEMI FINAL | PORTLAW UTD FC  VS PILTOWN AFC,News & Politics
Lose Yourself x Dum Dee Dum,News & Politics
About W2S's Allegations...,News & Politics
ğŸ€,News & Politics
Feeling Crazy,News & Politics
Right Back at It,News & Politics
"He believed the impossible, ğŸ˜³ he was correct",News & Politics
Can You Name Any Rights Men Have Today That Women Don't?,News & Politics
Best Advice for Success! #motivation #inspiration #love #shorts #subscribe #success #sigma,News & Politics
GUESS THE RACIST!,News & Politics
The difference ğŸ”¥,News & Politics
Niko Omilana Asked Zerkaa this....,News & Politics
IS THAT RACIST?!,News & Politics
White Privilege @whatever,News & Politics
Proof that Erling Haaland is human ğŸ˜…,News & Politics
I Can't Believe WillNE Said This ğŸ«£,News & Politics
ChrisMD EXPOSES Theo Baker's Bedroom Talk,News & Politics
ChrisMD Exposed by WillNE,News & Politics
What ChrisMD HATES About Single Life,News & Politics
Lose Yourself x Dum Dee Dum,News & Politics
Abraham Lincoln? Yes or No?,News & Politics
Why Tate Hates His Sister,News & Politics
âš¡ï¸,News & Politics
Ramos Fight ğŸ¤¬ğŸ˜ ğŸ˜¤ | Sergio Ramos Angry ğŸ”¥,News & Politics
Tom Screaming Sound Effect (From Tom and Jerry),News & Politics
"If youâ€™re NOT British, read these sentences in your best British accent! ğŸ‡¬ğŸ‡§",News & Politics
Welp... men probably do exaggerate this number. #shorts,News & Politics
Stay humble... ğŸ«¡,News & Politics
Lose Yourself x Dum Dee Dum,News & Politics
Who you got?! NBA 1v1ğŸ¤”#shorts #nbaedits ##nbanews #nbadebate #lebron #curry #giannis #jamorant,News & Politics
YOU CANNOT CANCEL THIS MAN!,News & Politics
DEJI VIOLATES TOBI,News & Politics
DEJI VIOLATES W2S,News & Politics
STEPHEN IS A BRIGHT MAN,News & Politics
Everyone wants The McGregor Fight! ğŸ‘‘ğŸ˜‚,News & Politics
Israel Adesanya On Andrew Tate,News & Politics
Joe Rogan knocked out a fighter ğŸ˜±,News & Politics
50 cent talking about Eminem ğŸ,News & Politics
Keanu Reeves - Fight For Your Love,News & Politics
Lose Yourself x Dum Dee Dum,News & Politics
The Yellow iPhone 14: Love it or Hate it?,News & Politics
YOU CANNOT CANCEL THIS MAN!,News & Politics
DEJI VIOLATES TOBI,News & Politics
Ù‚ÙˆÙ„ Ø§Ø³Ø·ÙˆØ±ÙŠÙŠğŸ”¥ğŸ”¥,News & Politics
My sister has a new boyfriend.ğŸ˜­,News & Politics
Learn to love the gym ğŸ˜ #arnoldschwarzenegger #gymmotivation,News & Politics
It's Okay To Cry,News & Politics
Which would you give up? ğŸ˜³,News & Politics
Corinna kopf won't let Ilya go to bed,News & Politics
Vik Only flies Private,News & Politics
Ethan On Why Brits Don't Need Guns,News & Politics
Tobi Gets Violated,News & Politics
Gotta do whatever it takes. ğŸ™ƒ,News & Politics
When Trash Talking Goes Horribly Wrong,News & Politics
Letâ€™s go almost had me right there.,News & Politics
#ÙÙŠÙØ§ #Ø±Ø§Ø´ÙÙˆØ±Ø¯ #Ø¯Ø±Ø§Ø¬ÙŠ ğŸš€ğŸš€ğŸš€ğŸš€,News & Politics
Whatâ€™s The Biggest Red Flag In A Girl?,News & Politics
The Untold Truth Of Convicted Killers The Menendez Brothers,News & Politics
Lose Yourself x Dum Dee Dum,News & Politics
Lose Yourself x Dum Dee Dum,News & Politics
Lose Yourself x Dum Dee Dum,News & Politics
Lose Yourself x Dum Dee Dum,News & Politics
Billie Eilish Goes Sneaker Shopping With Complex,News & Politics
Lose Yourself x Dum Dee Dum,News & Politics
Sethy on the NEWS,News & Politics
Convos in the crowd,News & Politics
Fine... i'll do it my self ğŸ¤¯,News & Politics
It's Okay To Cry,News & Politics
Kind Of Ironic That.. YOUâ€™RE A BIGOT! @whatever,News & Politics
Donâ€™t Talk Into the Mic and Iâ€™ll Buy You Whatever You Want,News & Politics
Hitler gets rejected by UW CSE,News & Politics
"The Income Statement, defined and explained",News & Politics
Right Back at It,News & Politics
EN VIVO | DEBATE a la alcaldÃ­a de QUITO Â¿HabrÃ¡ pelea? | BN Periodismo,News & Politics
The Conspiracy Behind MLKâ€™s Assassination,News & Politics
Donâ€™t Talk Into the Mic and Iâ€™ll Buy You Whatever You Want,News & Politics
He couldn't believe it.. ğŸ˜‚ @sirlittleman,News & Politics
Shine Bright like a An-94,News & Politics
The Struggle Is Realer Than the Grind,News & Politics
Why Brighton defenders put their studs on the ball,News & Politics
The Most Effective Strategy,News & Politics
SWAT Them DOWN,News & Politics
[FULL] Baker Mayfield 2017 Heisman Trophy acceptance speech | ESPN,News & Politics
Hitler gets rejected by UW CSE,News & Politics
Tom and Jerry scream sound effect,News & Politics
Tom Screaming Sound Effect (From Tom and Jerry),News & Politics
Can I get your number?,News & Politics
What?,News & Politics
Tricky,News & Politics
Would you ratherâ€¦,News & Politics
Sorry dad,News & Politics
Tesla Model S PLAID Owner's Review: Things I Love and Hate!,News & Politics
How to change mini map and feed colors in Call of Duty,News & Politics
Lose Yourself x Dum Dee Dum,News & Politics
PAMAJ HITS A BILL FOR FAZE APEX,News & Politics
The way Van Dijk Defends ğŸ˜³,News & Politics
OPTIC SCUMP RATES THE 100 THIEVES CALL OF DUTY TEAM!,News & Politics
Would you rather,News & Politics
Would you rather,News & Politics
"September 8, 2022",News & Politics
23 SECONDS six red shootout- UNBELIEVABLE time ğŸ”¥ #billiards #superb #amazing,News & Politics
No One Believes I Can Speak Chinese (20 million views),News & Politics
Can I get your number?,News & Politics
What do you rate yourself?,News & Politics
Who was wrong !!!,News & Politics
What do you rate yourself?,News & Politics
Stephen Colbert interviews Russian billionaire,News & Politics
We love this round from Dsoraki lets see how the crowd reacts! ğŸ”¥,News & Politics
Whatâ€™s the quote of the day?,News & Politics
Adin Ross Couldn't Believe Cordae's Freestyle ğŸ”¥,News & Politics
Shine Bright like a An-94,News & Politics
â€œLiberals vs Conservativesâ€ ğŸ¤: Caleb Lush - #caleblush #donttellcomedy #comedy #shorts,News & Politics
MW2 TRASH TALK IS BACK ğŸ˜‚,News & Politics
NEW KIDS CANT HANDLE MW2 TRASH TALK! #callofduty,News & Politics
Dallas Talk - OpTic Placing,News & Politics
Ğ¡Ğ½ĞµĞ¶Ğ½Ğ°Ñ Ğ½Ğ¾Ñ‡ÑŒ Ğ² Ğ°Ñ‚Ğ¼Ğ¾ÑÑ„ĞµÑ€Ğµ ĞºĞ¾Ñ„ĞµĞ¹Ğ½Ğ¸ Ñ Ñ€Ğ°ÑÑĞ»Ğ°Ğ±Ğ»ÑÑÑ‰ĞµĞ¹ Ğ¿Ğ»Ğ°Ğ²Ğ½Ğ¾Ğ¹ Ğ´Ğ¶Ğ°Ğ·Ğ¾Ğ²Ğ¾Ğ¹ Ğ¼ÑƒĞ·Ñ‹ĞºĞ¾Ğ¹ Ğ¸ Ğ¿Ğ¾Ñ‚Ñ€ĞµÑĞºĞ¸Ğ²Ğ°ÑÑ‰Ğ¸Ğ¼ Ğ¾Ğ³Ğ½ĞµĞ¼,News & Politics
High Thoughts 3,News & Politics
Weakness,News & Politics
An Unexpected Change of Plans,News & Politics
The Struggle Is Realer Than the Grind,News & Politics
"The Grind, The Struggle",News & Politics
Lose Yourself x Dum Dee Dum,News & Politics
Lose Yourself x Dum Dee Dum,News & Politics
Forever x I'd Love To Change the World,News & Politics
Lose Yourself x Dum Dee Dum,News & Politics
I Got Robbed,News & Politics
Forever x I'd Love To Change the World,News & Politics
Lose Yourself x Dum Dee Dum,News & Politics
Pro Mentality,News & Politics
"The ""Liver King"" is a Fraud",News & Politics
How People Treat me in Person,News & Politics
The Most Effective Strategy,News & Politics
Shine Bright like a An-94,News & Politics
Hitler gets rejected by UW CSE,News & Politics
The Arguments for God's Existence Tier List,News & Politics
Hitler gets rejected by UW CSE,News & Politics
The Origins of The Cybertronian Bounty Hunter Lockdown,News & Politics
Money: Humanity's Biggest Illusion,News & Politics
The New Face of Fraud,News & Politics
SWAT Them DOWN,News & Politics
He Can't Stop Lying,News & Politics
The New Face of Fraud,News & Politics
The Peacekeeper - My Opinion,News & Politics
Most UNDERRATED Pranks - Voted by YOU! - The Office US,News & Politics
PRANKS But They Get Progressively More Elaborate - The Office,News & Politics
Proof ChrisMD Could Nutmeg a Mermaid,News & Politics
The Movement on This ChrisMD Free Kick Is FRIGHTENING,News & Politics
W2S's Love Life Exposedâ€¦,News & Politics
W2S Silences His Haters,News & Politics
Why Miniminter is Going to Prison,News & Politics
Why Drake Dissed XXXTentacion on Her Loss,News & Politics
Lil Wayne couldnâ€™t believe Nicki Minaj could do suchğŸ˜‚,News & Politics
I Made a Mac Pro Planter,News & Politics
Ice Cube Exposes the Truth About 2Pac & Biggie ğŸ˜³,News & Politics
DEAL CLOSE: Liverpool In Advanced Talks To Agree Deal For Benfica Playmaker Valued Â£106m,News & Politics
Whatâ€™s the quote of the day? (NPC),News & Politics
"He said he was fine but something tells me heâ€™s lying, isnâ€™t he? #noahschnapp",News & Politics
Confronting Andrew tate haters ğŸ¤£,News & Politics
This is How Trash Talking Should Be ! ğŸ”¥,News & Politics
Mac Miller - Good News,News & Politics
Water Balloon Fight - Sidetalk,News & Politics
Why Miniminter is Going to Prison,News & Politics
High Thoughts 2,News & Politics
Add Labels to DataFrame Columns using R,News & Politics
Dream Responds to Haters - Dream Puts Mask Back on,News & Politics
My girl was left speechlessâ€¦ ğŸ¤£,News & Politics
How to lie using visual proofs,News & Politics
"GET A STRIKE AND WIN $10,000!",News & Politics
We can all relate! ğŸ˜‚,News & Politics
"SIR ALEX FERGUSON ABOUT XAVI, INIESTA & MESSI",News & Politics
I couldnâ€™t believe his voice was real!!!,News & Politics
f**k off love!!!,News & Politics
Why do people hate Eminem? (Tony Yayo),News & Politics
iShowSpeed FIGHTS DEJI..,News & Politics
They Balance Each Other Out Perfectly ğŸ¥º,News & Politics
Thoughts,News & Politics
Jordan Peterson DEBATES Intelligent Asian Student On Hate Speech,News & Politics
Europe is gonna SUFFER.,News & Politics
Reus Chooses Haaland Over Lewandowski ğŸ’”ğŸ¤¨ğŸ¥¹,News & Politics
It's All About The ğŸ’°ğŸ’°ğŸ’°,News & Politics
Who would you trust?,News & Politics
Agree or Disagree?,News & Politics
Putin just won. ğŸ˜§,News & Politics
Druski Wasn't Feeling the Yeezys ğŸ˜‚,News & Politics
Dembele Silences His Haters ğŸ˜,News & Politics
The TRUTH About SELFIES - Ed Sheeran,News & Politics
ê³ ì¥ë‚œ ìŠ¤í¬ì¸  ì„ ìˆ˜ë“¤,News & Politics
Why Russia is not so Happy about Finland Joining NATO...,News & Politics
Guess The Black Person,News & Politics
When Ronaldo PREDICTED the BALLON DOR WinnerğŸ¤¯,News & Politics
Too High in Public,News & Politics
I have some awful news...,News & Politics
â€œLiberals vs Conservativesâ€ ğŸ¤: Caleb Lush - #caleblush #donttellcomedy #comedy #shorts,News & Politics
THE TRUTH ABOUT BEING SHREDDED NO ONE TALKS ABOUTâ€¦,News & Politics
CBUM & BREON BREAKED THE RULES | CALVEZILLA,News & Politics
W2S Defends Jesus!,News & Politics
Alex Eubank using his Girlfriend for views,News & Politics
Zac Efron hated his Baywatch physique preparation,News & Politics
This is just evil.,News & Politics
Awkward Conversations,News & Politics
That's a Little Racist...,News & Politics
TIK TOK LIFE HACKS YOU WONT BELIEVE!,News & Politics
This Will Leave You SPEECHLESS,News & Politics
Jake Paul reveals the 1 man he wonâ€™t fight,News & Politics
Giving KSI Custom Boxing Gloves for Fight Night,News & Politics
Chris Hemsworth workout results after 6 weeks | Thor Love and Thunder,News & Politics
Andrew Tate Wants To Fight Bucke Live On Stream... ğŸ˜³,News & Politics
Predicting the Winner of Every Big League,News & Politics
McGregor's Best Ever Pre-Fight Speech!,News & Politics
I've Got An ANNOUNCEMENT To Make!,News & Politics
This Miniminter Free Kick is Literally PERFECT,News & Politics
Why so SUS?,News & Politics
Types of High People,News & Politics
Zodiac Signs Who Don't Like Many People,News & Politics
Courage and cannibalism: inside the Andes plane disaster | 7NEWS Spotlight,News & Politics
Shaq Exposing The Truth About Stevie Wonder ğŸ˜±ğŸ˜±,News & Politics
We Were Fifteen (Official Visualizer),News & Politics
The World's Most Dangerous Drug Wars | News on Drugs,News & Politics
Why Bayern Munich never really loved Robert Lewandowski,News & Politics
WHEN COCKY FIGHTERS GET DESTROYED [New 2020],News & Politics
Top 22 Biggest Breaking News Stories of Each Year (2000 - 2021),News & Politics
2 of Amerikaâ€™s most wanted,News & Politics
#Lebron vs #MJ ğŸ debate? #shorts #goat,News & Politics
False call,News & Politics
"Tyler the Creator Talks About the ""N Word""",News & Politics
Armani White - BILLIE EILISH. (Lyrics),News & Politics
Armani White - BILLIE EILISH. (TikTok Compilation),News & Politics
Armani White - BILLIE EILISH.,News & Politics
Is this LEGAL??,News & Politics
Why Bayern Munich never really loved Robert Lewandowski,News & Politics
Dude Perfect EXPOSED ğŸ¤«ğŸ¤«ğŸ¤«,News & Politics
That's a Little Racist...,News & Politics
Telling people fake news (HIGH SCHOOL),News & Politics
ĞŸĞ¾Ğ¿Ñ‹Ñ‚ĞºĞ° Ğ¾Ğ³Ñ€Ğ°Ğ±Ğ»ĞµĞ½Ğ¸Ñ Ğ¸Ğ½ĞºĞ°ÑÑĞ°Ñ‚Ğ¾Ñ€Ğ¾Ğ². ĞĞµ Ğ½Ğ°Ñ€ÑƒÑˆĞ°Ğ¹Ñ‚Ğµ Ğ·Ğ°ĞºĞ¾Ğ½Ñ‹!,News & Politics
Tate love's dogs,News & Politics
Revengeâ€¦ ğŸ˜ˆ,News & Politics
Racism in Londonâ€¦,News & Politics
Is 3 Inches Enough?,News & Politics
The truth about my addiction...,News & Politics
Always The Same ğŸ¤¯ğŸ’«ğŸ’¯,News & Politics
10 Richest Criminal Organizations,News & Politics
Not even a debateâ€¦ ğŸ˜ˆ,News & Politics
What Will We Miss?,News & Politics
Salah gate crashes on his haterğŸ˜³,News & Politics
"Man-Eating Crocodiles Are at Record Numbers, & Conservationists Love It",News & Politics
Pole vaulting can have the craziest outcomes ğŸ¤¯,News & Politics
The Suspicious Assassination of JFK,News & Politics
These Stories Show That You Can't Hate Lionel Messi,News & Politics
7 DAYS IN SYRIA IN 2022,News & Politics
Mimicry - Fun Facts About Copycats,News & Politics
Small Talk,News & Politics
WEIRDEST SCHOOL RULES THAT FEEL ILLEGAL,News & Politics
This is just evil.,News & Politics
Conor McGregor talks about why he shaved his head!ğŸ¤”,News & Politics
Tattoo Red Flags ğŸš©,News & Politics
THIS IS HOW THE WORLD ENDS!,News & Politics
A proud dad ğŸ˜,News & Politics
When Chief Keef left Snoop Dogg speechless ğŸ˜®ğŸ˜‚,News & Politics
Tobi Felt Attacked,News & Politics
Tobi Felt Attacked,News & Politics
MIND BLOWING MOMENTS YOU WONT BELIEVE!,News & Politics
Chris Brown Shows Off The Most Insane Sneaker Collection We've Ever Seen On Complex Closets,News & Politics
TED 2: The argument,News & Politics
W2S HATED THE SHOES I BOUGHT HIMâ€¦,News & Politics
W2S HATED THE SHOES I BOUGHT HIMâ€¦,News & Politics
When W2S Met A Drug Addict ğŸ˜‚,News & Politics
Mac Miller - Good News,News & Politics
Top 22 Biggest Breaking News Stories of Each Year (2000 - 2021),News & Politics
Mac Miller - Good News,News & Politics
Pogba and Mourinho Argument With Subtitles,News & Politics
Why We Love W2S,News & Politics
W2S RACIST MOMENTS,News & Politics
ChrisMD's Volley Would've Been Spoken About For Generations,News & Politics
Chief Keef love sosa but everytime he says boy it gets 5% faster,News & Politics
1 in a Billion Moments,News & Politics
â€œ it is only Daddyâ€™s moneyâ€¦â€,News & Politics
Ethan Violates Deji,News & Politics
ESCAPE PLAN but Travis Scott is right next to you ğŸ§,News & Politics
Daddy Yankee - RumbatÃ³n | Coreo por Emir Abdul Gani ğŸ‘°,News & Politics
Mac Miller - Good News,News & Politics
Mac Miller - Good News,News & Politics
Fortnite Season 4 Doesn't Feel Right,News & Politics
REACTING TO W2S BEING A SAVAGE,News & Politics
â€œLove Is Not Realâ€ ğŸ˜¢ğŸ’”,News & Politics
L'hopital's rule,News & Politics
How Everybody Knows the same Facts about Hood Dudes,News & Politics
"My talking border collie - learning to say ""hello""!",News & Politics
Mac Miller - Good News,News & Politics
Joe & Love || ''I wolf you'' [their story] [YOU S2],News & Politics
Lewis Capaldi - Someone You Loved,News & Politics
Battle of Hogwarts: Draco As A Good Guy,News & Politics
How Everybody Knows the same Facts about Hood Dudes,News & Politics
AndrÃ© Rieu - I Will Follow Him,News & Politics
Finding Critical Numbers,News & Politics
Celine Dion   Because You Loved Me,News & Politics
This is absolutely EVIL.,News & Politics
How Everybody Knows the same Facts about Hood Dudes,News & Politics
EVERY FREE-KICK ğŸ”¥ | James Ward-Prowse is a set-piece genius,News & Politics
SONğŸ”¥ğŸš€ğŸ‘‘ğŸ¥´ğŸ¤¤ğŸ˜âš½ğŸ¥…ğŸŒªï¸ğŸ¤™ğŸ¤¯ğŸ¦âš¡âœŠğŸ¥¶ğŸ˜ğŸ¤–ğŸ¤©,News & Politics
How to Find Scale Factor with Similar Figures,News & Politics
Why We Love W2S,News & Politics
"CÃ©line Dion - Because You Loved Me (Theme from ""Up Close and Personal"")(Audio)",News & Politics
"CÃ©line Dion - Because You Loved Me (Theme from ""Up Close and Personal"")(Audio)",News & Politics
Celine Dion   Because You Loved Me,News & Politics
Dwight's Accidental Discharge  - The Office US,News & Politics
Random Acts of Kindness That Will Make You Cry !,News & Politics
Chris P Bacon   news anchor reporter looses control laughs at name of pig,News & Politics
PEOPLE WHO FELT INSTANT REGRET!,News & Politics
"WARRIORS at GRIZZLIES | FULL GAME HIGHLIGHTS | May 3, 2022",News & Politics
Beethoven - Moonlight Sonata (3rd Movement),News & Politics
Beethoven - Moonlight Sonata (1st Movement),News & Politics
Dogs: husky vs border collie agility,News & Politics
Husky gets bullied,News & Politics
Most UNDERRATED Pranks - Voted by YOU! - The Office US,News & Politics
Proof that 1 = 2.,News & Politics
Emperor Likes Me,News & Politics
Doberman mom keeping dad away from the pups,News & Politics
Mac Miller - Good News,News & Politics
How Times Have Changed,News & Politics
Derivatives of Radical Functions,News & Politics
But its not Tuesday Patrick...,News & Politics
Points on a Rational Function where the Tangent is Horizontal,News & Politics
Points on a Rational Function where the Tangent is Horizontal,News & Politics
Find Horizontal Asymptote of a Rational Function,News & Politics
Horizontal Asymptotes and Slant Asymptotes of Rational Functions,News & Politics
Sterling violated Chunkz differently ğŸ˜‚,News & Politics
Tyler The Creator Inspirational Speech,News & Politics
ğŸ¥°ğŸ¥°ğŸ¥°ğŸ¥°,News & Politics
ğŸ¤£ğŸ‘ğŸ’£ğŸ’¥ğŸ’¥ğŸ’¥ğŸ’¥,News & Politics
finneas being finneas #shorts #billieeilish #finneas,News & Politics
CALMA CALMA ğŸ¥¶,News & Politics
The People's Striker,News & Politics
The Power Of A Mother's Love,News & Politics
REACTING TO W2S BEING A SAVAGE,News & Politics
Harry (w2s) hates charity (LOL),News & Politics
Mac Miller - Good News,News & Politics
The B-tecmen,News & Politics
The timing was impectable,News & Politics
No Context Needed,News & Politics
FINAL #SidemenTurn8 WINNER ANNOUNCEMENT!,News & Politics
That there was a violation...,News & Politics
This was NOT fine...,News & Politics
No one says that...,News & Politics
NO TAX!!!!,News & Politics
INSTANT RED FLAG,News & Politics
FINAL #SidemenTurn8 WINNER ANNOUNCEMENT!,News & Politics
That there was a violation...,News & Politics
W2S demonstrates a FLYKICK,News & Politics
This was NOT fine...,News & Politics
No one says that...,News & Politics
NO TAX!!!!,News & Politics
INSTANT RED FLAG,News & Politics
Trash Talk in Call of Duty - MW2,News & Politics
MW2 TRASH TALKING LOBBY MONTAGE IN 2020,News & Politics
Why We Love W2S,News & Politics
Calfreezy Exposes Miniminter ğŸ˜³ #shorts,News & Politics
That there was a violation...,News & Politics
Damn.,News & Politics
Batman Explains How To Defeat The Justice League,News & Politics
"The Grind, The Struggle",News & Politics
Yung Filly Physically and Emotionally Violates W2s,News & Politics
Reporting a Scary Situation to the Police in Japan #Shorts,News & Politics
Getting rejected by an H&M employee,News & Politics
"You wont believe what $10,000,000 BUYS you in NYC",News & Politics
Mac Miller - Good News,News & Politics
Lil Wayne Couldnâ€™t Believe Eminem Wasnâ€™t In The List,News & Politics
Feeling Crazy,News & Politics
The Most Effective Strategy,News & Politics
Pro Mentality,News & Politics
This Yung Filly Strike Would've Broken The Internet,News & Politics
Emotional damage,News & Politics
Why We Love W2S,News & Politics
Controversial Moments,News & Politics
Kevin Durant Lied To Everyone ğŸ¤¯,News & Politics
Faze Rug talks about his NFT collection! #shorts #motivation #inspiration #success,News & Politics
W2S Gets Given the ChrisMD!,News & Politics
That s Why Billie Eilish Hates Going On Dates #shorts,News & Politics
Why We Love W2S,News & Politics
How People Treat me in Person,News & Politics
What I Wore This Week #21 | Menâ€™s Winter Outfit Inspiration,News & Politics
SWAT Them DOWN,News & Politics
TOGETHER | FULL FEATURE FILM | Closer than ever to Man City!,News & Politics
What Will We Miss?,News & Politics
An Unexpected Change of Plans,News & Politics
Sethy on the NEWS,News & Politics
Shine Bright like a An-94,News & Politics
Goldman Sachs: The Most Evil Bankers in the World,News & Politics
"Rush Hour - ""Don't Talk About My Daddy""",News & Politics
Tom Holland and Zendaya Argue Over The Internets Biggest Debates | Agree To Disagree,News & Politics
[FULL] Baker Mayfield 2017 Heisman Trophy acceptance speech | ESPN,News & Politics
Cell Phone Stereotypes,News & Politics
Madden Stereotypes,News & Politics
every wheeze in buzzfeed unsolved,News & Politics
Joe Burrows Incredible Heisman Acceptance Speech (EMOTIONAL),News & Politics
[FULL] Baker Mayfield 2017 Heisman Trophy acceptance speech | ESPN,News & Politics
How phones really be listening to your conversations,News & Politics
The sad truth about Battlefield 2042,News & Politics
"Vine- Really Nigga â€œWhat's The Number""",News & Politics
How Everybody Knows the same Facts about Hood Dudes,News & Politics
Chief Keef - Love Sosa,News & Politics
Election Night in New York - Sidetalk,News & Politics
Josh gets DQ'd for racism,News & Politics
"Why do we LOVE Joe? | ""You"" Season 2 analysis",News & Politics
i hate myself || free audio,News & Politics
The Powerful Message About A Mother's Love,News & Politics
Simon and Josh became closer friends after this...,News & Politics
The Dunning-Kruger Effect,News & Politics
ï½ï½Œï½Œã€€ï½‡ï½‰ï½’ï½Œï½“ã€€ï½ï½’ï½…ã€€ï½”ï½ˆï½…ã€€ï½“ï½ï½ï½…  (ğ™§ğ™šğ™–ğ™™ ğ™™ğ™šğ™¨ğ™˜. ğ™—ğ™¤ğ™­),News & Politics
Fun facts about W2S,News & Politics
Benny Loves You (2019) KILL COUNT,News & Politics
"Logic Recording ""44 More""",News & Politics
The Illusion of Self,News & Politics
That there was a violation,News & Politics
Ù…Ù‡Ø±Ø¬Ø§Ù† Ù‚Ø§Ù„ Ø§ÙŠÙ‡ Ø¨ØªÙ‚ÙˆÙ„Ù‰ Ø§Ù†Ø³Ø§Ù†ÙŠ ( Ø§ÙŠ ÙˆÙŠÙ„ ÙƒÙŠÙ„ ÙŠÙˆ Ù…Ø§ÙŠ Ø¨ÙŠØ¨ÙŠ ) Ø¹Ø¨Ø¯Ù‡ Ø³ÙŠØ·Ø±Ù‡ - ØªÙˆØ²ÙŠØ¹ ÙƒØ±ÙŠÙ… Ø§Ù„Ù…Ù‡Ø¯Ù‰ 2024,News & Politics
Ù…Ù‡Ø±Ø¬Ø§Ù† Ù‚Ø§Ù„ Ø§ÙŠÙ‡ Ø¨ØªÙ‚ÙˆÙ„Ù‰ Ø§Ù†Ø³Ø§Ù†ÙŠ ( Ø§ÙŠ ÙˆÙŠÙ„ ÙƒÙŠÙ„ ÙŠÙˆ Ù…Ø§ÙŠ Ø¨ÙŠØ¨ÙŠ ) Ø¹Ø¨Ø¯Ù‡ Ø³ÙŠØ·Ø±Ù‡ - ØªÙˆØ²ÙŠØ¹ ÙƒØ±ÙŠÙ… Ø§Ù„Ù…Ù‡Ø¯Ù‰ 2024,News & Politics
Ù…Ù‡Ø±Ø¬Ø§Ù† Ù‚Ø§Ù„ Ø§ÙŠÙ‡ Ø¨ØªÙ‚ÙˆÙ„Ù‰ Ø§Ù†Ø³Ø§Ù†ÙŠ ( Ø§ÙŠ ÙˆÙŠÙ„ ÙƒÙŠÙ„ ÙŠÙˆ Ù…Ø§ÙŠ Ø¨ÙŠØ¨ÙŠ ) Ø¹Ø¨Ø¯Ù‡ Ø³ÙŠØ·Ø±Ù‡ - ØªÙˆØ²ÙŠØ¹ ÙƒØ±ÙŠÙ… Ø§Ù„Ù…Ù‡Ø¯Ù‰ 2024,News & Politics
Love reveals to Joe she's pregnant,News & Politics
Proof that the Jake Paul vs. Tyron Woodley fight wasn't rigged! #shorts,News & Politics
this taunting rule needs to go,News & Politics
Well That Was A Lie...,News & Politics
God would be disappointed right now.,News & Politics
The Battle of Los Angeles,News & Politics
Hereâ€™s How the CIA Assassinates People,News & Politics
Fine Art Isnâ€™t About Art. Itâ€™s About Evading Taxes.,News & Politics
UW HFS | How To Understand Your Billing Statement,News & Politics
Â£10 Goalie Gloves Vs. Â£100 Pro Goalie Gloves | ft. W2S,News & Politics
W2S Violation ğŸ¥¶ğŸ‘€,News & Politics
This was an ENTIRE mess,News & Politics
FIGHTING MY BRO,News & Politics
3 ways to Attract someone OUT of your life (and STOP attracting unwanted people),News & Politics
I HATE YOU ALL,News & Politics
The Nostalgia Effect,News & Politics
We Had A BLIND PILLOW FIGHT !!! | Somebody Got Knocked Out !!,News & Politics
The Rise And Fall Of Andrew Cuomo | Rise And Fall,News & Politics
The Odds of Existence,News & Politics
W2s nazi salute,News & Politics
ï½„ï½™ï½‰ï½ï½‡ ï½ï½Œï½ï½ï½…,News & Politics
These Stories Show That You Can't Hate Lionel Messi,News & Politics
When Tobi shocked the world,News & Politics
6 Signs You've Given Up On Love Unintentionally,News & Politics
EA Logic,News & Politics
3 Nigerians fighting,News & Politics
Why Can't We See Evidence of Alien Life?,News & Politics
10 Magical Moments Nobody Talks About - Lionel Messi - 2019,News & Politics
C O N T E N T,News & Politics
Harry gives an inspirational speech,News & Politics
WHEN YOU FEEL BROKEN - Motivational Speech,News & Politics
WHEN YOU FEEL BROKEN - Motivational Speech,News & Politics
If people talked how they texted,News & Politics
Harry gives an inspirational speech,News & Politics
It gets worse the longer it goes,News & Politics
LISTEN TO THIS EVERYDAY TO CHANGE YOUR LIFE - 2022 Motivational Workout Speech by Billy Alsbrooks,News & Politics
I WILL NOT GIVE UP - Powerful Motivational Speech,News & Politics
ï¼§ï¼¯ï¼®ï¼¥,News & Politics
Harry gives an inspirational speech,News & Politics
C H O P P A  ğŸš,News & Politics
ğ•¿ğ–ğ–ğ–˜ ğ–†ğ–ğ–“'ğ–™ ğ–ğ–™ ğ–ˆğ–ğ–ğ–Šğ–‹,News & Politics
Awimbawe sound effect,News & Politics
ğ•­ğ–”ğ–”ğ–’ ğŸ’£,News & Politics
Josh exposes his weird kink,News & Politics
The lion sleeps tonight sound effect,News & Politics
"Im black, im red, im yellow, IM GAY",News & Politics
Trash Talk in Old School Call of Duty Lobbies | PKA,News & Politics
BIGGEST VIOLATION OF 2021,News & Politics
When you see somebody you don't wanna talk to,News & Politics
Fine Art Isnâ€™t About Art. Itâ€™s About Evading Taxes.,News & Politics
3 SIGNS YOU'RE ABOUT TO FIGHT A CRAZY NIGGA,News & Politics
No scoping only!,News & Politics
It's Okay To Cry,News & Politics
Fine Art Isnâ€™t About Art. Itâ€™s About Evading Taxes.,News & Politics
How Everybody Knows the same Facts about Hood Dudes,News & Politics
.,News & Politics
Talking to the Enemy?! #5,News & Politics
AUDI RSQ8 0-300km/h ACCELERATION & EXHAUST SOUND by AutoTopNL,News & Politics
3 Signs You Should Jump In While Your Friend Is Fighting,News & Politics
Chris P Bacon   news anchor reporter looses control laughs at name of pig,News & Politics
Let Go,News & Politics
It's Okay To Cry,News & Politics
"Justice: What's The Right Thing To Do? Episode 01 ""THE MORAL SIDE OF MURDER""",News & Politics
Why W2S's Mum Told Off ChrisMD,News & Politics
Woah calm down Jamal,News & Politics
Well...Close Enough,News & Politics
W2s nazi salute,News & Politics
The World's Worst Computer Virus: The I Love You Virus (Demonstration),News & Politics
Being ugly : My Experience,News & Politics
It's Okay To Cry,News & Politics
Chris P Bacon   news anchor reporter looses control laughs at name of pig,News & Politics
The difference between our FedEx and USPS deliveries today.,News & Politics
News Anchors Can't Stop Laughing At Clown Report,News & Politics
The Day MbappÃ© & DembÃ©lÃ© Destroyed England,News & Politics
Chris P Bacon   news anchor reporter looses control laughs at name of pig,News & Politics
News Anchors Can't Stop Laughing At Clown Report,News & Politics
News Anchors Can't Stop Laughing At Clown Report,News & Politics
Chris P Bacon   news anchor reporter looses control laughs at name of pig,News & Politics
How to Safely Pop Your Pelvis for INSTANT RELIEF,News & Politics
How India ran out of oxygen,News & Politics
What Does DYING Feel Like?,News & Politics
How highways wrecked American cities,News & Politics
Chapman hits 106 MPH in relief appearance,News & Politics
ï½ï½Œï½Œã€€ï½‡ï½‰ï½’ï½Œï½“ã€€ï½ï½’ï½…ã€€ï½”ï½ˆï½…ã€€ï½“ï½ï½ï½…  (ğ™§ğ™šğ™–ğ™™ ğ™™ğ™šğ™¨ğ™˜. ğ™—ğ™¤ğ™­),News & Politics
"Do You, Mind, Putting Me Down?",News & Politics
What Will We Miss?,News & Politics
Why Socrates Hated Democracy,News & Politics
Devoted Pet Goose Defends his Owner from Stranger,News & Politics
Dogs: husky vs border collie agility,News & Politics
Why the US government murdered Fred Hampton,News & Politics
ï¼ï¼Ÿ,News & Politics
Harry's Reasoning Is Flawless,News & Politics
German Shepherd loves groom day,News & Politics
"'We did it, Joe!': Kamala Harris calls president-elect Biden to celebrate election victory",News & Politics
"The massacre of Tulsa's ""Black Wall Street""",News & Politics
Why Israeli settlements donâ€™t feel like a conflict zone | Settlements Part II,News & Politics
UN warns of â€œfull-scale warâ€ as Israel-Palestinian violence intensifies - BBC News,News & Politics
Why not everyone in the US likes stimulus checks,News & Politics
The real reason Boeing's new plane crashed twice,News & Politics
How America became a superpower,News & Politics
"Alrighty, rev up those fryers.",News & Politics
Emperor Likes Me,News & Politics
ë„ˆë¬´ ë§ì€ê±¸ ìƒê²Œ ëœ ì‹¤ìˆ˜.....,News & Politics
This is How Easy It Is to Lie With Statistics,News & Politics
Come on...,News & Politics
"Slavia Prague spokesman refused to apologise for Ondrej Kudela's ""racist behaviourâ€ Czech",News & Politics
W2S Demonstrates Safe Sex,News & Politics
Is Texas Becoming The New California?,News & Politics
Why South Africa is still so segregated,News & Politics
How to free up space on your Mac on macOS Catalina or earlier  â€” Apple Support,News & Politics
W2S Breaks The Number One Rule,News & Politics
Thalassophobia,News & Politics
W2S Talks About Whats Drugs He Has Taken,News & Politics
Revealing W2S' Infamous Spell,News & Politics
Taurean Prince describes how Baylor was out-rebounded by Yale,News & Politics
(EMOTIONAL) College acceptance/rejection TikTok Compilation,News & Politics
"Copy of Max and ruby's parents, and max talks in a full sentence   www getlinkyoutube com",News & Politics
Lacazette is PROVING HIS HATERS RIGHTğŸ˜‚ğŸ˜‚,News & Politics
How it feels when you don't invite your friend somewhere and the find out,News & Politics
When you see somebody you don't wanna talk to,News & Politics
