Title,Cluster,Cluster Name
brighton v fulham league highlights 382025 sports,2,highlights / sports / league / v / united
newcastle united v nottingham forest league highlights 2232025 sports,2,highlights / sports / league / v / united
arsenal v west ham united league highlights 2222025 sports,2,highlights / sports / league / v / united
everton v manchester united league highlights 2222025 sports,2,highlights / sports / league / v / united
espn,2,highlights / sports / league / v / united
espn,2,highlights / sports / league / v / united
espn,2,highlights / sports / league / v / united
brighton v chelsea league highlights 2142025 sports,2,highlights / sports / league / v / united
everton v liverpool league highlights 2122025 sports,2,highlights / sports / league / v / united
gangsta sports,2,highlights / sports / league / v / united
manchester city real madrid extended highlights ucl knockout phase playoff leg cbs,2,highlights / sports / league / v / united
manchester united v crystal palace league highlights 222025 sports,2,highlights / sports / league / v / united
nottingham forest v brighton league highlights 212025 sports,2,highlights / sports / league / v / united
nottingham forest v brighton league highlights 212025 sports,2,highlights / sports / league / v / united
tottenham hotspur v leicester city league highlights 1262025 sports,2,highlights / sports / league / v / united
feyenoord bayern extended highlights ucl league phase md cbs sports golazo,2,highlights / sports / league / v / united
man united rangers extended highlights uel league phase md cbs sports golazo,2,highlights / sports / league / v / united
espn,2,highlights / sports / league / v / united
psg man city extended highlights ucl league phase md cbs sports golazo,2,highlights / sports / league / v / united
benfica barcelona extended highlights ucl league phase md cbs sports,2,highlights / sports / league / v / united
chelsea v wolves league highlights 1202025 sports,2,highlights / sports / league / v / united
espn,2,highlights / sports / league / v / united
manchester united v brighton league highlights 1192025 sports,2,highlights / sports / league / v / united
manchester united v southampton league highlights 1162025 sports,2,highlights / sports / league / v / united
espn,2,highlights / sports / league / v / united
espn,2,highlights / sports / league / v / united
espn,2,highlights / sports / league / v / united
aston villa v brighton league highlights 12302024 sports,2,highlights / sports / league / v / united
manchester united v newcastle united league highlights 12302024 sports,2,highlights / sports / league / v / united
ipswich town v chelsea league highlights 12302024 sports,2,highlights / sports / league / v / united
manchester city overrated,2,highlights / sports / league / v / united
arsenal real league champions,2,highlights / sports / league / v / united
arsenal real league champions,2,highlights / sports / league / v / united
chelsea shamrock rovers extended highlights uecl league phase md cbs sports golazo,2,highlights / sports / league / v / united
nottingham forest v aston villa league highlights 12142024 sports,2,highlights / sports / league / v / united
newcastle united v liverpool league highlights 1242024 sports,2,highlights / sports / league / v / united
atalanta real madrid extended highlights ucl league phase md cbs sports golazo,2,highlights / sports / league / v / united
tottenham hotspur v chelsea league highlights 1282024 sports,2,highlights / sports / league / v / united
espn,2,highlights / sports / league / v / united
leicester city v manchester united league highlights 10162021 sports,2,highlights / sports / league / v / united
leicester city v brighton league highlights 1282024 sports,2,highlights / sports / league / v / united
fulham v arsenal league highlights 1282024 sports,2,highlights / sports / league / v / united
espn,2,highlights / sports / league / v / united
espn,2,highlights / sports / league / v / united
espn,2,highlights / sports / league / v / united
espn,2,highlights / sports / league / v / united
espn,2,highlights / sports / league / v / united
espn,2,highlights / sports / league / v / united
espn,2,highlights / sports / league / v / united
espn,2,highlights / sports / league / v / united
espn,2,highlights / sports / league / v / united
espn,2,highlights / sports / league / v / united
espn,2,highlights / sports / league / v / united
espn,2,highlights / sports / league / v / united
espn,2,highlights / sports / league / v / united
espn,2,highlights / sports / league / v / united
cbs sports network,2,highlights / sports / league / v / united
cbs sports network,2,highlights / sports / league / v / united
chelsea gent extended highlights uecl league phase md cbs sports golazo,2,highlights / sports / league / v / united
liverpool bologna extended highlights ucl league phase md cbs sports golazo,2,highlights / sports / league / v / united
rb leipzig juventus extended highlights ucl league phase md cbs sports golazo,2,highlights / sports / league / v / united
lille real madrid extended highlights ucl league phase md cbs sports golazo,2,highlights / sports / league / v / united
borussia dortmund celtic extended highlights ucl league phase md cbs sports golazo,2,highlights / sports / league / v / united
bayer leverkusen ac milan extended highlights ucl league phase md cbs sports golazo,2,highlights / sports / league / v / united
psv sporting extended highlights ucl league phase md cbs sports golazo,2,highlights / sports / league / v / united
barcelona young boys extended highlights ucl league phase md cbs sports golazo,2,highlights / sports / league / v / united
arsenal psg extended highlights ucl league phase md cbs sports golazo,2,highlights / sports / league / v / united
espn,2,highlights / sports / league / v / united
crystal palace v manchester united league highlights 9212024 sports,2,highlights / sports / league / v / united
espn,2,highlights / sports / league / v / united
espn,2,highlights / sports / league / v / united
espn,2,highlights / sports / league / v / united
newcastle united v tottenham hotspur league highlights 912024 sports,2,highlights / sports / league / v / united
espn,2,highlights / sports / league / v / united
everton v bournemouth league highlights 8312024 sports,2,highlights / sports / league / v / united
espn,2,highlights / sports / league / v / united
bournemouth v newcastle united league highlights 8252024 sports,2,highlights / sports / league / v / united
crystal palace v west ham united league highlights 8242024 sports,2,highlights / sports / league / v / united
liverpool v brentford league highlights 8252024 sports,2,highlights / sports / league / v / united
brighton v manchester united league highlights 8242024 sports,2,highlights / sports / league / v / united
aston villa v arsenal league highlights 8242024 sports,2,highlights / sports / league / v / united
aston villa v west ham united league highlights 8172024 sports,2,highlights / sports / league / v / united
nottingham forest v bournemouth league highlights 8172024 sports,2,highlights / sports / league / v / united
everton v brighton league highlights 8172024 sports,2,highlights / sports / league / v / united
manchester united v fulham league highlights 8162024 sports,2,highlights / sports / league / v / united
espn,2,highlights / sports / league / v / united
espn,2,highlights / sports / league / v / united
25 league goals 202324 season sports,2,highlights / sports / league / v / united
espn,2,highlights / sports / league / v / united
espn,2,highlights / sports / league / v / united
cbs sports network,2,highlights / sports / league / v / united
espn,2,highlights / sports / league / v / united
espn,2,highlights / sports / league / v / united
chelsea v bournemouth league highlights 5192024 sports,2,highlights / sports / league / v / united
espn,2,highlights / sports / league / v / united
espn,2,highlights / sports / league / v / united
manchester united v arsenal league highlights 5122024 sports,2,highlights / sports / league / v / united
nottingham forest v chelsea league highlights 5112024 sports,2,highlights / sports / league / v / united
tottenham hotspur v burnley league highlights 5112024 sports,2,highlights / sports / league / v / united
espn,2,highlights / sports / league / v / united
espn,2,highlights / sports / league / v / united
espn,2,highlights / sports / league / v / united
crystal palace v manchester united league highlights 562024 sports,2,highlights / sports / league / v / united
espn,2,highlights / sports / league / v / united
brighton v aston villa league highlights 552024 sports,2,highlights / sports / league / v / united
liverpool v tottenham hotspur league highlights 552024 sports,2,highlights / sports / league / v / united
chelsea v west ham united league highlights 552024 sports,2,highlights / sports / league / v / united
arsenal v bournemouth league highlights 542024 sports,2,highlights / sports / league / v / united
espn,2,highlights / sports / league / v / united
luton town v everton league highlights 532024 sports,2,highlights / sports / league / v / united
chelsea v tottenham hotspur league highlights 522024 sports,2,highlights / sports / league / v / united
espn,2,highlights / sports / league / v / united
bayern real madrid extended highlights ucl semifinals 1st leg cbs sports golazo,2,highlights / sports / league / v / united
espn,2,highlights / sports / league / v / united
espn,2,highlights / sports / league / v / united
arsenal v chelsea league highlights 4232024 sports,2,highlights / sports / league / v / united
wolves v arsenal league highlights 4202024 sports,2,highlights / sports / league / v / united
espn,2,highlights / sports / league / v / united
manchester city chelsea fa semifinal highlights espn fc,2,highlights / sports / league / v / united
manchester city v luton town league highlights 4132024 sports,2,highlights / sports / league / v / united
bournemouth v manchester united league highlights 4132024 sports,2,highlights / sports / league / v / united
burnley v brighton league highlights 4132024 sports,2,highlights / sports / league / v / united
newcastle united v tottenham hotspur league highlights 4132024 sports,2,highlights / sports / league / v / united
real madrid man city extended highlights ucl quarterfinals 1st leg cbs sports golazo,2,highlights / sports / league / v / united
real madrid man city extended highlights ucl quarterfinals 1st leg cbs sports golazo,2,highlights / sports / league / v / united
arsenal bayern extended highlights ucl quarterfinals 1st leg cbs sports golazo,2,highlights / sports / league / v / united
real madrid man city extended highlights ucl quarterfinals 1st leg cbs sports golazo,2,highlights / sports / league / v / united
tottenham hotspur v nottingham forest league highlights 462024 sports,2,highlights / sports / league / v / united
sheffield united v chelsea league highlights 462024 sports,2,highlights / sports / league / v / united
manchester united v liverpool league highlights 462024 sports,2,highlights / sports / league / v / united
aston villa v brentford league highlights 462024 sports,2,highlights / sports / league / v / united
brighton v arsenal league highlights 462024 sports,2,highlights / sports / league / v / united
loudest fans league,2,highlights / sports / league / v / united
luton town v bournemouth league highlights 462024 sports,2,highlights / sports / league / v / united
west ham united v wolves league highlights 462024 sports,2,highlights / sports / league / v / united
chelsea v manchester united league highlights 442024 sports,2,highlights / sports / league / v / united
liverpool v sheffield united league highlights 442024 sports,2,highlights / sports / league / v / united
arsenal v luton town league highlights 432024 sports,2,highlights / sports / league / v / united
manchester city v aston villa league highlights 432024 sports,2,highlights / sports / league / v / united
burnley v wolves league highlights 422024 sports,2,highlights / sports / league / v / united
west ham united v tottenham hotspur league highlights 422024 sports,2,highlights / sports / league / v / united
newcastle united v everton league highlights 422024 sports,2,highlights / sports / league / v / united
arsenal v manchester united league highlights 932023 sports,2,highlights / sports / league / v / united
arsenal v liverpool league highlights 242024 sports,2,highlights / sports / league / v / united
fairytale ending manchester united liverpool fa highlights espn fc,2,highlights / sports / league / v / united
manchester city real madrid extended highlights ucl semifinals leg cbs sports golazo,2,highlights / sports / league / v / united
arsenal porto extended highlights ucl round 16 2nd leg cbs sports golazo,2,highlights / sports / league / v / united
bournemouth v luton town league highlights 3132024 sports,2,highlights / sports / league / v / united
chelsea v newcastle united league highlights 3112024 sports,2,highlights / sports / league / v / united
barcelona napoli extended highlights ucl round 16 2nd leg cbs sports golazo,2,highlights / sports / league / v / united
arsenal v brentford league highlights 392024 sports,2,highlights / sports / league / v / united
liverpool v manchester city league highlights 3102024 sports,2,highlights / sports / league / v / united
aston villa v tottenham hotspur league highlights 3102024 sports,2,highlights / sports / league / v / united
manchester united v everton league highlights 392024 sports,2,highlights / sports / league / v / united
arsenal v brentford league highlights 392024 sports,2,highlights / sports / league / v / united
sheffield united v arsenal league highlights 342024 sports,2,highlights / sports / league / v / united
manchester city v manchester united league highlights 332024 sports,2,highlights / sports / league / v / united
everton v west ham united league highlights 322024 sports,2,highlights / sports / league / v / united
nottingham forest v liverpool league highlights 322024 sports,2,highlights / sports / league / v / united
fulham v brighton league highlights 322024 sports,2,highlights / sports / league / v / united
tottenham hotspur v crystal palace league highlights 322024 sports,2,highlights / sports / league / v / united
brentford v chelsea league highlights 322024 sports,2,highlights / sports / league / v / united
aston villa v nottingham forest league highlights 2242024 sports,2,highlights / sports / league / v / united
brighton v everton league highlights 2242024 sports,2,highlights / sports / league / v / united
manchester united v fulham league highlights 2242024 sports,2,highlights / sports / league / v / united
arsenal v newcastle united league highlights 2242024 sports,2,highlights / sports / league / v / united
liverpool v luton town league highlights 2212024 sports,2,highlights / sports / league / v / united
everton v crystal palace league highlights 2192024 sports,2,highlights / sports / league / v / united
sheffield united v brighton league highlights 2182024 sports,2,highlights / sports / league / v / united
nottingham forest v west ham united league highlights 2172024 sports,2,highlights / sports / league / v / united
luton town v manchester united league highlights 2182024 sports,2,highlights / sports / league / v / united
tottenham hotspur v wolves league highlights 2172024 sports,2,highlights / sports / league / v / united
brentford v liverpool league highlights 2172024 sports,2,highlights / sports / league / v / united
burnley v arsenal league highlights 2172024 sports,2,highlights / sports / league / v / united
lazio bayern extended highlights ucl round 16 1st leg cbs sports golazo,2,highlights / sports / league / v / united
aston villa v manchester united league highlights 2112024 sports,2,highlights / sports / league / v / united
west ham united v arsenal league highlights 2112024 sports,2,highlights / sports / league / v / united
liverpool v burnley league highlights 2102024 sports,2,highlights / sports / league / v / united
arsenal v liverpool league highlights 242024 sports,2,highlights / sports / league / v / united
aston villa v newcastle united league highlights 1302024 sports,2,highlights / sports / league / v / united
brighton v crystal palace league highlights 232024 sports,2,highlights / sports / league / v / united
manchester united v west ham united league highlights 242024 sports,2,highlights / sports / league / v / united
chelsea v wolves league highlights 242024 sports,2,highlights / sports / league / v / united
everton v tottenham hotspur league highlights 232024 sports,2,highlights / sports / league / v / united
newcastle united v luton town league highlights 232024 sports,2,highlights / sports / league / v / united
tottenham hotspur v brentford league highlights 1312024 sports,2,highlights / sports / league / v / united
wolves v manchester united league highlights 212024 sports,2,highlights / sports / league / v / united
tottenham v arsenal league classic match 3516 sports,2,highlights / sports / league / v / united
bournemouth v liverpool league highlights 1212024 sports,2,highlights / sports / league / v / united
sheffield united v west ham united league highlights 1212024 sports,2,highlights / sports / league / v / united
arsenal v crystal palace league highlights 1202024 sports,2,highlights / sports / league / v / united
newcastle united v manchester city league highlights 1132024 sports,2,highlights / sports / league / v / united
manchester united v tottenham hotspur league highlights 1142024 sports,2,highlights / sports / league / v / united
burnley v luton town league highlights 1122024 sports,2,highlights / sports / league / v / united
everton v aston villa league highlights 1142024 sports,2,highlights / sports / league / v / united
chelsea v fulham league highlights 1132024 sports,2,highlights / sports / league / v / united
23 league goals 2023 sports,2,highlights / sports / league / v / united
tottenham hotspur v bournemouth league highlights 12312023 sports,2,highlights / sports / league / v / united
aston villa v burnley league highlights 12302023 sports,2,highlights / sports / league / v / united
luton town v chelsea league highlights 12302023 sports,2,highlights / sports / league / v / united
nottingham forest v manchester united league highlights 12302023 sports,2,highlights / sports / league / v / united
arsenal v west ham united league highlights 12282023 sports,2,highlights / sports / league / v / united
brighton v tottenham hotspur league highlights 12282023 sports,2,highlights / sports / league / v / united
sheffield united v luton town league highlights 12262023 sports,2,highlights / sports / league / v / united
west ham united v manchester united league highlights 12232023 sports,2,highlights / sports / league / v / united
liverpool v manchester united league highlights 12172023 sports,2,highlights / sports / league / v / united
arsenal v brighton league highlights 12172023 sports,2,highlights / sports / league / v / united
newcastle united v fulham league highlights 12162023 sports,2,highlights / sports / league / v / united
manchester city v crystal palace league highlights 12162023 sports,2,highlights / sports / league / v / united
fc union berlin real madrid extended highlights ucl group stage md cbs sports golazo,2,highlights / sports / league / v / united
royal antwerp barcelona extended highlights ucl group stage md cbs sports golazo,2,highlights / sports / league / v / united
league sunday league football pitch,2,highlights / sports / league / v / united
borussia dortmund psg extended highlights ucl group stage md cbs sports golazo,2,highlights / sports / league / v / united
newcastle united ac milan extended highlights ucl group stage md cbs sports golazo,2,highlights / sports / league / v / united
league switchup,2,highlights / sports / league / v / united
everton v chelsea league highlights 12102023 sports,2,highlights / sports / league / v / united
luton town v arsenal league highlights 1252023 sports,2,highlights / sports / league / v / united
aston villa v manchester city league highlights 1262023 sports,2,highlights / sports / league / v / united
wolves v burnley league highlights 1252023 sports,2,highlights / sports / league / v / united
luton town v arsenal league highlights 1252023 sports,2,highlights / sports / league / v / united
liverpool v fulham league highlights 1232023 sports,2,highlights / sports / league / v / united
chelsea v brighton league highlights 1232023 sports,2,highlights / sports / league / v / united
arsenal v wolves league highlights 1222023 sports,2,highlights / sports / league / v / united
newcastle united v manchester united league highlights 1222023 sports,2,highlights / sports / league / v / united
leicester city champions league 2015 16,2,highlights / sports / league / v / united
leicester city v tottenham hotspur league highlights 1192022 sports,2,highlights / sports / league / v / united
newcastle united paris saintgermain extended highlights ucl group stage md cbs sports,2,highlights / sports / league / v / united
chelsea v manchester city league highlights 11122023 sports,2,highlights / sports / league / v / united
arsenal v burnley league highlights 11112023 sports,2,highlights / sports / league / v / united
liverpool v brentford league highlights 11122023 sports,2,highlights / sports / league / v / united
copenhagen man united extended highlights ucl group stage md cbs sports golazo,2,highlights / sports / league / v / united
tottenham hotspur v chelsea league highlights 1162023 sports,2,highlights / sports / league / v / united
manchester united newcastle carabao highlights espn fc,2,highlights / sports / league / v / united
brighton v fulham league highlights 10292023 sports,2,highlights / sports / league / v / united
liverpool v nottingham forest league highlights 10292023 sports,2,highlights / sports / league / v / united
manchester united v manchester city league highlights 10292023 sports,2,highlights / sports / league / v / united
chelsea v brentford league highlights 10282023 sports,2,highlights / sports / league / v / united
arsenal v sheffield united league highlights 10282023 sports,2,highlights / sports / league / v / united
sevilla arsenal extended highlights ucl groups stage md cbs sports golazo,2,highlights / sports / league / v / united
paris saintgermain milan extended highlights ucl group stage md cbs sports golazo,2,highlights / sports / league / v / united
newcastle borussia dortmund extended highlights ucl group stage md cbs sports golazo,2,highlights / sports / league / v / united
aston villa v west ham united league highlights 10222023 sports,2,highlights / sports / league / v / united
manchester united v brentford league highlights 1072023 sports,2,highlights / sports / league / v / united
burnley v chelsea league highlights 1072023 sports,2,highlights / sports / league / v / united
luton town v tottenham hotspur league highlights 1072023 sports,2,highlights / sports / league / v / united
newcastle united paris saintgermain extended highlights ucl group stage md cbs sports,2,highlights / sports / league / v / united
porto barcelona extended highlights ucl group stage md cbs sports golazo,2,highlights / sports / league / v / united
lens arsenal extended highlights ucl group stage md cbs sports golazo,2,highlights / sports / league / v / united
manchester united galatasaray extended highlights ucl group stage md cbs sports golazo,2,highlights / sports / league / v / united
everton v luton town league highlights 9302023 sports,2,highlights / sports / league / v / united
bournemouth v arsenal league highlights 9302023 sports,2,highlights / sports / league / v / united
tottenham hotspur v liverpool league highlights 9302023 sports,2,highlights / sports / league / v / united
aston villa v brighton league highlights 9302023 sports,2,highlights / sports / league / v / united
wolves v manchester city league highlights 9302023 sports,2,highlights / sports / league / v / united
wolves v manchester city league highlights 9302023 sports,2,highlights / sports / league / v / united
newcastle united v burnley league highlights 9302023 sports,2,highlights / sports / league / v / united
manchester united v crystal palace league highlights 9302023 sports,2,highlights / sports / league / v / united
luton town v wolves league highlights 9232023 sports,2,highlights / sports / league / v / united
manchester city v nottingham forest league highlights 9232023 sports,2,highlights / sports / league / v / united
liverpool v west ham united league highlights 9242023 sports,2,highlights / sports / league / v / united
brighton v bournemouth league highlights 9242023 sports,2,highlights / sports / league / v / united
chelsea v aston villa league highlights 9242023 sports,2,highlights / sports / league / v / united
arsenal v tottenham hotspur league highlights 9242023 sports,2,highlights / sports / league / v / united
galatasaray copenhagen extended highlights ucl group stage md cbs sports golazo,2,highlights / sports / league / v / united
arsenal psv extended highlights ucl group stage md cbs sports golazo,2,highlights / sports / league / v / united
bayern manchester united extended highlights ucl group stage md cbs sports golazo,2,highlights / sports / league / v / united
manchester united v brighton league highlights 9162023 sports,2,highlights / sports / league / v / united
tottenham hotspur v sheffield united league highlights 9162023 sports,2,highlights / sports / league / v / united
arsenal v manchester united league highlights 932023 sports,2,highlights / sports / league / v / united
chelsea v nottingham forest league highlights 922023 sports,2,highlights / sports / league / v / united
roma milan extended highlights serie cbs sports golazo,2,highlights / sports / league / v / united
luton town v west ham united league highlights 912023 sports,2,highlights / sports / league / v / united
newcastle united v liverpool league highlights 8272023 sports,2,highlights / sports / league / v / united
chelsea real madrid extended highlights ucl quarterfinals leg cbs sports golazo,2,highlights / sports / league / v / united
tottenham hotspur v manchester united league highlights 8192023 sports,2,highlights / sports / league / v / united
chelsea v luton town league highlights 8252023 sports,2,highlights / sports / league / v / united
brentford v tottenham hotspur league highlights 8132023 sports,2,highlights / sports / league / v / united
chelsea v liverpool league highlights 8132023 sports,2,highlights / sports / league / v / united
arsenal v nottingham forest league highlights 8122023 sports,2,highlights / sports / league / v / united
brighton v luton town league highlights 8122023 sports,2,highlights / sports / league / v / united
25 league goals 202223 season sports,2,highlights / sports / league / v / united
million sports,2,highlights / sports / league / v / united
liverpool v manchester city league highlights 111019 sports,2,highlights / sports / league / v / united
wolves v manchester city league highlights 122719 sports,2,highlights / sports / league / v / united
usa mexico extended highlights concacaf nations league cbs sports golazo,2,highlights / sports / league / v / united
netherlands ecuador highlights 2022 fifa,2,highlights / sports / league / v / united
mourinho man city man united,2,highlights / sports / league / v / united
25 league goals 202223 season sports,2,highlights / sports / league / v / united
treble loading manchester city manchester united fa highlights espn fc,2,highlights / sports / league / v / united
25 league goals 202223 season sports,2,highlights / sports / league / v / united
manchester united v chelsea league highlights 5252023 sports,2,highlights / sports / league / v / united
brighton v manchester city league highlights 5242023 sports,2,highlights / sports / league / v / united
brighton v southampton league highlights 5212023 sports,2,highlights / sports / league / v / united
manchester city v chelsea league highlights 5212023 sports,2,highlights / sports / league / v / united
nottingham forest v arsenal league highlights 5202023 sports,2,highlights / sports / league / v / united
fulham v crystal palace league highlights 5202023 sports,2,highlights / sports / league / v / united
wolves v everton league highlights 5202023 sports,2,highlights / sports / league / v / united
tottenham hotspur v brentford league highlights 5202023 sports,2,highlights / sports / league / v / united
liverpool v aston villa league highlights 5202023 sports,2,highlights / sports / league / v / united
brighton v leicester city league highlights 942022 sports,2,highlights / sports / league / v / united
brighton v manchester united league highlights 572022 sports,2,highlights / sports / league / v / united
manchester united v brighton league highlights 872022 sports,2,highlights / sports / league / v / united
brighton v manchester united league highlights 542023 sports,2,highlights / sports / league / v / united
arsenal v brighton league highlights 5142023 sports,2,highlights / sports / league / v / united
chelsea v nottingham forest league highlights 5132023 sports,2,highlights / sports / league / v / united
brighton v manchester united league highlights 542023 sports,2,highlights / sports / league / v / united
highlights goals brighton v man united league telemundo deportes,2,highlights / sports / league / v / united
brighton v manchester united league highlights 542023 sports,2,highlights / sports / league / v / united
leicester city v everton league highlights 512023 sports,2,highlights / sports / league / v / united
manchester united v aston villa league highlights 4302023 sports,2,highlights / sports / league / v / united
arsenal v chelsea league highlights 522023 sports,2,highlights / sports / league / v / united
liverpool v tottenham hotspur league highlights 4302023 sports,2,highlights / sports / league / v / united
chelsea v brentford league highlights 4262023 sports,2,highlights / sports / league / v / united
brighton v wolves league highlights 4292023 sports,2,highlights / sports / league / v / united
arsenal v southampton league highlights 4212023 sports,2,highlights / sports / league / v / united
chelsea v brighton league highlights 4152023 sports,2,highlights / sports / league / v / united
league tots,2,highlights / sports / league / v / united
leeds united v liverpool league highlights 4172023 sports,2,highlights / sports / league / v / united
qatar ecuador highlights 2022 fifa,2,highlights / sports / league / v / united
chelsea v brighton league highlights 4152023 sports,2,highlights / sports / league / v / united
tottenham hotspur v bournemouth league highlights 4152023 sports,2,highlights / sports / league / v / united
highlights goals tottenham v bournemouth 23 league telemundo deportes,2,highlights / sports / league / v / united
chelsea v brighton league highlights 4152023 sports,2,highlights / sports / league / v / united
aston villa v newcastle united league highlights 4152023 sports,2,highlights / sports / league / v / united
man united sevilla extended highlights uel quarterfinals leg cbs sports golazo,2,highlights / sports / league / v / united
ac milan napoli extended highlights ucl quarterfinals leg cbs sports golazo,2,highlights / sports / league / v / united
real madrid chelsea extended highlights ucl quarterfinals leg cbs sports golazo,2,highlights / sports / league / v / united
wolves v chelsea league highlights 482023 sports,2,highlights / sports / league / v / united
leeds united v crystal palace league highlights 492023 sports,2,highlights / sports / league / v / united
liverpool v arsenal league highlights 492023 sports,2,highlights / sports / league / v / united
tottenham hotspur v brighton league highlights 482023 sports,2,highlights / sports / league / v / united
manchester united v everton league highlights 482023 sports,2,highlights / sports / league / v / united
west ham v newcastle league highlights 452023 sports,2,highlights / sports / league / v / united
leicester city champions league 2015 16,2,highlights / sports / league / v / united
leeds united v nottingham forest league highlights 442023 sports,2,highlights / sports / league / v / united
bournemouth v brighton league highlights 442023 sports,2,highlights / sports / league / v / united
everton v tottenham hotspur league highlights 432023 sports,2,highlights / sports / league / v / united
newcastle united v manchester united league highlights 422023 sports,2,highlights / sports / league / v / united
arsenal v leeds united league highlights 412023 sports,2,highlights / sports / league / v / united
chelsea v aston villa league highlights 412023 sports,2,highlights / sports / league / v / united
manchester city v liverpool league highlights 412023 sports,2,highlights / sports / league / v / united
chelsea v everton league highlights 3182023 sports,2,highlights / sports / league / v / united
newcastle united v chelsea league highlights 11122022 sports,2,highlights / sports / league / v / united
arsenal v bournemouth league highlights 342023 sports,2,highlights / sports / league / v / united
arsenal v manchester united league highlights 1222023 sports,2,highlights / sports / league / v / united
arsenal v manchester city league highlights 2152023 sports,2,highlights / sports / league / v / united
highlights goals liverpool man united 70 league telemundo deportes,2,highlights / sports / league / v / united
leeds united v brighton league highlights 3112023 sports,2,highlights / sports / league / v / united
brentford v fulham league highlights 362023 sports,2,highlights / sports / league / v / united
liverpool v manchester united league highlights 352023 sports,2,highlights / sports / league / v / united
nottingham forest v everton league highlights 352023 sports,2,highlights / sports / league / v / united
highlights goals liverpool man united 70 league telemundo deportes,2,highlights / sports / league / v / united
arsenal v bournemouth league highlights 342023 sports,2,highlights / sports / league / v / united
arsenal v bournemouth league highlights 342023 sports,2,highlights / sports / league / v / united
manchester city v newcastle united league highlights 342023 sports,2,highlights / sports / league / v / united
brighton v manchester united league highlights 572022 sports,2,highlights / sports / league / v / united
brighton v west ham united league highlights 342023 sports,2,highlights / sports / league / v / united
lsu texas highlights game 2023 college baseball highlights,2,highlights / sports / league / v / united
borussia dortmund chelsea extended highlights ucl round 16 leg cbs sports golazo,2,highlights / sports / league / v / united
highlights goals arsenal everton 40 league telemundo deportes,2,highlights / sports / league / v / united
newcastle manchester united carabao highlights espn fc,2,highlights / sports / league / v / united
tottenham hotspur v chelsea league highlights 2262023 sports,2,highlights / sports / league / v / united
leicester city v arsenal league highlights 2252023 sports,2,highlights / sports / league / v / united
leicester city v arsenal league highlights 2252023 sports,2,highlights / sports / league / v / united
fulham v wolves league highlights 2242023 sports,2,highlights / sports / league / v / united
manchester united v leicester city league highlights 2192023 sports,2,highlights / sports / league / v / united
aston villa v arsenal league highlights 2182023 sports,2,highlights / sports / league / v / united
newcastle united v chelsea league highlights 11122022 sports,2,highlights / sports / league / v / united
nottingham forest v manchester city league highlights 2182023 sports,2,highlights / sports / league / v / united
chelsea v southampton league highlights 2182023 sports,2,highlights / sports / league / v / united
league sunday league football pitch,2,highlights / sports / league / v / united
newcastle united v chelsea league highlights 11122022 sports,2,highlights / sports / league / v / united
psg bayern extended highlights ucl round 16 leg cbs sports golazo,2,highlights / sports / league / v / united
arsenal v manchester city league highlights 2152023 sports,2,highlights / sports / league / v / united
crystal palace v brighton league highlights 2112023 sports,2,highlights / sports / league / v / united
leicester city v tottenham hotspur league highlights 2112023 sports,2,highlights / sports / league / v / united
west ham united v chelsea league highlights 2112023 sports,2,highlights / sports / league / v / united
manchester united v leeds united league highlights 282023 sports,2,highlights / sports / league / v / united
highlights goals everton arsenal league telemundo deportes,2,highlights / sports / league / v / united
wolves v liverpool league highlights 242023 sports,2,highlights / sports / league / v / united
everton v arsenal league highlights 242023 sports,2,highlights / sports / league / v / united
arsenal v manchester united league highlights 1222023 sports,2,highlights / sports / league / v / united
highlights goals arsenal man united 32 league telemundo deportes,2,highlights / sports / league / v / united
leicester city v brighton league highlights 1212023 sports,2,highlights / sports / league / v / united
liverpool v chelsea league highlights 1212023 sports,2,highlights / sports / league / v / united
league switchup,2,highlights / sports / league / v / united
crystal palace v manchester united league highlights 1182023 sports,2,highlights / sports / league / v / united
tottenham hotspur v arsenal league highlights 1152023 sports,2,highlights / sports / league / v / united
highlights goals brighton liverpool 30 league telemundo deportes,2,highlights / sports / league / v / united
liverpool v manchester city league highlights 10162022 sports,2,highlights / sports / league / v / united
arsenal v liverpool league highlights 1092022 sports,2,highlights / sports / league / v / united
manchester united v manchester city league highlights 1142023 sports,2,highlights / sports / league / v / united
fulham v chelsea league highlights 1122023 sports,2,highlights / sports / league / v / united
chelsea v manchester city league highlights 152023 sports,2,highlights / sports / league / v / united
brentford v liverpool league highlights 122023 sports,2,highlights / sports / league / v / united
tottenham hotspur v aston villa league highlights 112023 sports,2,highlights / sports / league / v / united
nottingham forest v chelsea league highlights 112023 sports,2,highlights / sports / league / v / united
leeds united v manchester city league highlights 12282022 sports,2,highlights / sports / league / v / united
southampton v brighton league highlights 12262022 sports,2,highlights / sports / league / v / united
aston villa v liverpool league highlights 12262022 sports,2,highlights / sports / league / v / united
league switchup,2,highlights / sports / league / v / united
argentina mexico highlights 2022 fifa,2,highlights / sports / league / v / united
netherlands ecuador highlights 2022 fifa,2,highlights / sports / league / v / united
qatar ecuador highlights 2022 fifa,2,highlights / sports / league / v / united
qatar ecuador highlights 2022 fifa,2,highlights / sports / league / v / united
netherlands ecuador highlights 2022 fifa,2,highlights / sports / league / v / united
qatar ecuador highlights 2022 fifa,2,highlights / sports / league / v / united
newcastle united v chelsea league highlights 11122022 sports,2,highlights / sports / league / v / united
arsenal v tottenham hotspur league highlights 1012022 sports,2,highlights / sports / league / v / united
arsenal v liverpool league highlights 1092022 sports,2,highlights / sports / league / v / united
chelsea real madrid extended highlights ucl quarterfinals leg cbs sports golazo,2,highlights / sports / league / v / united
newcastle united v chelsea league highlights 11122022 sports,2,highlights / sports / league / v / united
newcastle united v chelsea league highlights 11122022 sports,2,highlights / sports / league / v / united
wolves v arsenal league highlights 11122022 sports,2,highlights / sports / league / v / united
manchester city v brentford league highlights 11122022 sports,2,highlights / sports / league / v / united
newcastle united v chelsea league highlights 11122022 sports,2,highlights / sports / league / v / united
highlights goals man city brentford 12 league telemundo deportes,2,highlights / sports / league / v / united
everton v leicester city league highlights 1152022 sports,2,highlights / sports / league / v / united
wolves v brighton league highlights 1152022 sports,2,highlights / sports / league / v / united
leeds united v bournemouth league highlights 1152022 sports,2,highlights / sports / league / v / united
tottenham hotspur v liverpool league highlights 1162022 sports,2,highlights / sports / league / v / united
tottenham hotspur v liverpool league highlights 1162022 sports,2,highlights / sports / league / v / united
southampton v newcastle united league highlights 1162022 sports,2,highlights / sports / league / v / united
west ham united v crystal palace league highlights 1162022 sports,2,highlights / sports / league / v / united
aston villa v manchester united league highlights 1162022 sports,2,highlights / sports / league / v / united
chelsea v arsenal league highlights 1162022 sports,2,highlights / sports / league / v / united
liverpool napoli extended highlights ucl group stage md cbs sports golazo,2,highlights / sports / league / v / united
juventus psg extended highlights ucl group stage md cbs sports golazo,2,highlights / sports / league / v / united
bayern inter milan extended highlights ucl group stage md cbs sports golazo,2,highlights / sports / league / v / united
liverpool napoli extended highlights ucl group stage md cbs sports golazo,2,highlights / sports / league / v / united
viktoria plzen barcelona extended highlights ucl group stage md cbs sports golazo,2,highlights / sports / league / v / united
liverpool v manchester city league highlights 10162022 sports,2,highlights / sports / league / v / united
arsenal v liverpool league highlights 1092022 sports,2,highlights / sports / league / v / united
arsenal v tottenham hotspur league highlights 1012022 sports,2,highlights / sports / league / v / united
arsenal v manchester united league highlights 4232022 sports,2,highlights / sports / league / v / united
league 202122 season review sports,2,highlights / sports / league / v / united
bournemouth v tottenham hotspur league highlights 10292022 sports,2,highlights / sports / league / v / united
liverpool v leeds united league highlights 10292022 sports,2,highlights / sports / league / v / united
leicester city v manchester city league highlights 10292022 sports,2,highlights / sports / league / v / united
brighton v chelsea league highlights 10292022 sports,2,highlights / sports / league / v / united
arsenal v nottingham forest league highlights 10302022 sports,2,highlights / sports / league / v / united
arsenal psv extended highlights uel group stage md cbs sports golazo,2,highlights / sports / league / v / united
tottenham eintracht frankfurt extended highlights ucl group stage md cbs sports golazo,2,highlights / sports / league / v / united
rangers liverpool extended highlights ucl group stage md cbs sports golazo,2,highlights / sports / league / v / united
psg benfica extended highlights ucl group stage md cbs sports golazo,2,highlights / sports / league / v / united
underrated goals league history sports,2,highlights / sports / league / v / united
arsenal v liverpool league highlights 1092022 sports,2,highlights / sports / league / v / united
highlights goals arsenal liverpool 32 league telemundo deportes,2,highlights / sports / league / v / united
man city copenhagen extended highlights ucl group stage md cbs sports golazo,2,highlights / sports / league / v / united
inter milan barcelona extended highlights ucl group stage md cbs sports golazo,2,highlights / sports / league / v / united
porto bayer leverkusen extended highlights ucl group stage md cbs sports golazo,2,highlights / sports / league / v / united
club brugge atltico madrid extended highlights ucl group stage md cbs sports golazo,2,highlights / sports / league / v / united
ajax napoli extended highlights ucl group stage md cbs sports golazo,2,highlights / sports / league / v / united
manchester city v manchester united league highlights 1022022 sports,2,highlights / sports / league / v / united
highlights goals manchester city manchester united 63 league telemundo deportes,2,highlights / sports / league / v / united
liverpool v brighton league highlights 1012022 sports,2,highlights / sports / league / v / united
highlights goals liverpool brighton 33 league telemundo deportes,2,highlights / sports / league / v / united
arsenal v tottenham hotspur league highlights 1012022 sports,2,highlights / sports / league / v / united
germany hungary highlights uefa nations league,2,highlights / sports / league / v / united
unluckiest sports,2,highlights / sports / league / v / united
belgium wales highlights uefa nations league,2,highlights / sports / league / v / united
brentford v arsenal league highlights 9182022 sports,2,highlights / sports / league / v / united
bayer leverkusen atltico de madrid extended highlights ucl group stage md cbs sports,2,highlights / sports / league / v / united
uefa champions league,2,highlights / sports / league / v / united
atltico madrid porto extended highlights ucl group stage md cbs sports golazo,2,highlights / sports / league / v / united
psg juventus extended highlights ucl group stage md cbs sports golazo,2,highlights / sports / league / v / united
atltico madrid porto extended highlights ucl group stage md cbs sports golazo,2,highlights / sports / league / v / united
zrich arsenal extended highlights uel group stage md cbs sports golazo,2,highlights / sports / league / v / united
manchester united real sociedad extended highlights uel group stage md1 cbs sports golazo,2,highlights / sports / league / v / united
brighton v leicester city league highlights 942022 sports,2,highlights / sports / league / v / united
chelsea v west ham united league highlights 932022 sports,2,highlights / sports / league / v / united
league sunday league football pitch,2,highlights / sports / league / v / united
crystal palace v brentford league highlights 8302022 sports,2,highlights / sports / league / v / united
southampton v chelsea league highlights 8302022 sports,2,highlights / sports / league / v / united
liverpool v bournemouth league highlights 8272022 sports,2,highlights / sports / league / v / united
liverpool v bournemouth league highlights 8272022 sports,2,highlights / sports / league / v / united
manchester city v crystal palace league highlights 8272022 sports,2,highlights / sports / league / v / united
chelsea v leicester city league highlights 8272022 sports,2,highlights / sports / league / v / united
brighton v leeds united league highlights 8272022 sports,2,highlights / sports / league / v / united
arsenal v fulham league highlights 8272022 sports,2,highlights / sports / league / v / united
chelsea v arsenal league highlights 4202022 sports,2,highlights / sports / league / v / united
arsenal v manchester united league highlights 4232022 sports,2,highlights / sports / league / v / united
newcastle united v manchester city league highlights 8212022 sports,2,highlights / sports / league / v / united
leeds united v chelsea league highlights 8212022 sports,2,highlights / sports / league / v / united
crystal palace v aston villa league highlights 8202022 sports,2,highlights / sports / league / v / united
crystal palace v aston villa league highlights 8202022 sports,2,highlights / sports / league / v / united
everton v nottingham forest league highlights 8202022 sports,2,highlights / sports / league / v / united
leicester city v southampton league highlights 8202022 sports,2,highlights / sports / league / v / united
bournemouth v arsenal league highlights 8202022 sports,2,highlights / sports / league / v / united
arsenal v leicester city league highlights 8132022 sports,2,highlights / sports / league / v / united
lsu texas highlights ncaaf week college football highlights,2,highlights / sports / league / v / united
league opener man utd v brighton,2,highlights / sports / league / v / united
brighton v manchester united league highlights 572022 sports,2,highlights / sports / league / v / united
embarrassing sports,2,highlights / sports / league / v / united
leicester city v manchester united league highlights 10162021 sports,2,highlights / sports / league / v / united
million sports,2,highlights / sports / league / v / united
brighton v manchester united league highlights 572022 sports,2,highlights / sports / league / v / united
poland v senegal 2018 fifa match highlights,2,highlights / sports / league / v / united
senegal v colombia 2018 fifa match highlights,2,highlights / sports / league / v / united
oklahoma lsu highlights 2019 college football playoff highlights,2,highlights / sports / league / v / united
portugal v spain 2018 fifa match highlights,2,highlights / sports / league / v / united
brazil v mexico 2018 fifa match highlights,2,highlights / sports / league / v / united
brazil v belgium 2018 fifa match highlights,2,highlights / sports / league / v / united
germany v sweden 2018 fifa match highlights,2,highlights / sports / league / v / united
crystal palace v manchester united league highlights 5222022 sports,2,highlights / sports / league / v / united
brighton v west ham united league highlights 5222022 sports,2,highlights / sports / league / v / united
liverpool v wolves league highlights 5222022 sports,2,highlights / sports / league / v / united
arsenal v everton league highlights 5222022 sports,2,highlights / sports / league / v / united
everton v crystal palace league highlights 5192022 sports,2,highlights / sports / league / v / united
chelsea v leicester city league highlights 5192022 sports,2,highlights / sports / league / v / united
lsu texas highlights ncaaf week college football highlights,2,highlights / sports / league / v / united
college football 2019 highlights,2,highlights / sports / league / v / united
aston villa v crystal palace league highlights 5152022 sports,2,highlights / sports / league / v / united
newcastle united v arsenal league highlights 5162022 sports,2,highlights / sports / league / v / united
colombia v england 2018 fifa match highlights,2,highlights / sports / league / v / united
southampton v liverpool league highlights 5172022 sports,2,highlights / sports / league / v / united
everton v brentford league highlights 5152022 sports,2,highlights / sports / league / v / united
leeds united v brighton league highlights 5152022 sports,2,highlights / sports / league / v / united
west ham united v manchester city league highlights 5152022 sports,2,highlights / sports / league / v / united
chelsea real madrid extended highlights ucl quarterfinals leg cbs sports golazo,2,highlights / sports / league / v / united
highlights goals tottenham arsenal 30 league telemundo deportes,2,highlights / sports / league / v / united
watford v everton league highlights 5112022 sports,2,highlights / sports / league / v / united
leeds united v chelsea league highlights 5112022 sports,2,highlights / sports / league / v / united
leicester city v manchester united league highlights 10162021 sports,2,highlights / sports / league / v / united
aston villa v liverpool league highlights 5102022 sports,2,highlights / sports / league / v / united
liverpool v tottenham hotspur league highlights 572022 sports,2,highlights / sports / league / v / united
highlights goals leicester city everton 12 league telemundo deportes,2,highlights / sports / league / v / united
arsenal v leeds united league highlights 582022 sports,2,highlights / sports / league / v / united
highlights goals brighton man united 40 league telemundo deportes,2,highlights / sports / league / v / united
brighton v manchester united league highlights 572022 sports,2,highlights / sports / league / v / united
chelsea v wolves league highlights 572022 sports,2,highlights / sports / league / v / united
burnley v aston villa league highlights 572022 sports,2,highlights / sports / league / v / united
liverpool fc,2,highlights / sports / league / v / united
manchester city road final 2021,2,highlights / sports / league / v / united
real madrid manchester city extended highlights ucl semifinals leg cbs sports golazo,2,highlights / sports / league / v / united
west ham united v arsenal league highlights 512022 sports,2,highlights / sports / league / v / united
everton v chelsea league highlights 512022 sports,2,highlights / sports / league / v / united
tottenham hotspur v leicester city league highlights 512022 sports,2,highlights / sports / league / v / united
newcastle united v liverpool league highlights 4302022 sports,2,highlights / sports / league / v / united
manchester united v chelsea league highlights 4282022 sports,2,highlights / sports / league / v / united
manchester city real madrid extended highlights ucl semifinals leg cbs sports golazo,2,highlights / sports / league / v / united
brighton v southampton league highlights 4242022 sports,2,highlights / sports / league / v / united
crystal palace v leeds united league highlights 4252022 sports,2,highlights / sports / league / v / united
liverpool v everton league highlights 4242022 sports,2,highlights / sports / league / v / united
liverpool 20 everton league highlights,2,highlights / sports / league / v / united
liverpool v manchester city league highlights 111019 sports,2,highlights / sports / league / v / united
man city v liverpool league extended highlights 1319 sports,2,highlights / sports / league / v / united
liverpool v man city league classic match 11418 sports,2,highlights / sports / league / v / united
liverpool v everton league extended highlights 120218 sports,2,highlights / sports / league / v / united
liverpool v everton league highlights 4242022 sports,2,highlights / sports / league / v / united
chelsea v west ham united league highlights 4242022 sports,2,highlights / sports / league / v / united
newcastle united bruno guimaraes win death v leicester city league sports,2,highlights / sports / league / v / united
granit xhaka score against manchester united league sports,2,highlights / sports / league / v / united
manchester city v watford league highlights 4232022 sports,2,highlights / sports / league / v / united
arsenal v manchester united league highlights 4232022 sports,2,highlights / sports / league / v / united
manchester united v liverpool league highlights 10242021 sports,2,highlights / sports / league / v / united
liverpool v manchester united league highlights 4192022 sports,2,highlights / sports / league / v / united
manchester city v brighton league highlights 4202022 sports,2,highlights / sports / league / v / united
chelsea v arsenal league highlights 4202022 sports,2,highlights / sports / league / v / united
manchester united v norwich city league highlights 4162022 sports,2,highlights / sports / league / v / united
bayern villarreal extended highlights ucl quarterfinals leg cbs sports golazo,2,highlights / sports / league / v / united
highlights goals man city liverpool 22 league telemundo deportes,2,highlights / sports / league / v / united
leicester city v crystal palace league highlights 4102022 sports,2,highlights / sports / league / v / united
aston villa v tottenham hotspur league highlights 492022 sports,2,highlights / sports / league / v / united
chelsea real madrid extended highlights ucl quarterfinals leg cbs sports golazo,2,highlights / sports / league / v / united
chelsea 13 real madrid champions league highlights,2,highlights / sports / league / v / united
everton v manchester united league highlights 492022 sports,2,highlights / sports / league / v / united
villarreal bayern extended highlights ucl quarterfinals leg cbs sports golazo,2,highlights / sports / league / v / united
chelsea real madrid extended highlights ucl quarterfinals leg cbs sports golazo,2,highlights / sports / league / v / united
georgia clemson highlights college football week 2021 college football highlights,2,highlights / sports / league / v / united
aston villa v arsenal league highlights 3192022 sports,2,highlights / sports / league / v / united
manchester city v tottenham hotspur league highlights 2192022 sports,2,highlights / sports / league / v / united
arsenal v liverpool league highlights 3162022 sports,2,highlights / sports / league / v / united
wolves v leeds united league highlights 3182022 sports,2,highlights / sports / league / v / united
manchester city paris saintgermain extended highlights group stage md cbs sports go,2,highlights / sports / league / v / united
real madrid psg extended highlights ucl round 16 leg cbs sports golazo,2,highlights / sports / league / v / united
man united atltico madrid extended highlights ucl round 16 leg cbs sports golazo,2,highlights / sports / league / v / united
ajax benfica extended highlights ucl round 16 leg cbs sports golazo,2,highlights / sports / league / v / united
brighton v tottenham hotspur league highlights 3162022 sports,2,highlights / sports / league / v / united
everton v newcastle league highlights 3172022 sports,2,highlights / sports / league / v / united
lille chelsea extended highlights ucl round 16 leg cbs sports golazo,2,highlights / sports / league / v / united
man united atltico madrid extended highlights ucl round 16 leg cbs sports golazo,2,highlights / sports / league / v / united
crystal palace v manchester city league highlights 3142022 sports,2,highlights / sports / league / v / united
west ham united v aston villa league highlights 3132022 sports,2,highlights / sports / league / v / united
arsenal v leicester city league highlights 3132022 sports,2,highlights / sports / league / v / united
brighton v liverpool league highlights 3122022 sports,2,highlights / sports / league / v / united
liverpool inter milan extended highlights ucl round 16 leg cbs sports golazo,2,highlights / sports / league / v / united
arsenal v wolves league highlights 2242022 sports,2,highlights / sports / league / v / united
watford v arsenal league highlights 362022 sports,2,highlights / sports / league / v / united
manchester city v manchester united league highlights 362022 sports,2,highlights / sports / league / v / united
aston villa v southampton league highlights 352022 sports,2,highlights / sports / league / v / united
liverpool v west ham united league highlights 352022 sports,2,highlights / sports / league / v / united
burnley v leicester city league highlights 312022 sports,2,highlights / sports / league / v / united
manchester united v liverpool league highlights 10242021 sports,2,highlights / sports / league / v / united
leeds united v liverpool league highlights 9122021 sports,2,highlights / sports / league / v / united
west ham united v wolves league highlights 2272022 sports,2,highlights / sports / league / v / united
atltico madrid man united extended highlights ucl round 16 leg cbs sports golazo,2,highlights / sports / league / v / united
leicester city v manchester united league highlights 10162021 sports,2,highlights / sports / league / v / united
arsenal v wolves league highlights 2242022 sports,2,highlights / sports / league / v / united
manchester united v watford league highlights 2262022 sports,2,highlights / sports / league / v / united
leeds united v tottenham hotspur league highlights 2262022 sports,2,highlights / sports / league / v / united
manchester city paris saintgermain extended highlights group stage md cbs sports go,2,highlights / sports / league / v / united
leeds united v manchester united league highlights 2202022 sports,2,highlights / sports / league / v / united
wolves v leicester city league highlights 2202022 sports,2,highlights / sports / league / v / united
arsenal v brentford league highlights 2192022 sports,2,highlights / sports / league / v / united
manchester city v tottenham hotspur league highlights 2192022 sports,2,highlights / sports / league / v / united
manchester united v brighton league highlights 2152022 sports,2,highlights / sports / league / v / united
psg real madrid extended highlights round 16 leg cbs sports golazo,2,highlights / sports / league / v / united
psg man city extended highlights ucl group stage md cbs sports golazo,2,highlights / sports / league / v / united
tottenham hotspur v southampton league highlights 292022 sports,2,highlights / sports / league / v / united
manchester united v southampton league highlights 2122022 sports,2,highlights / sports / league / v / united
aston villa v leeds united league highlights 292022 sports,2,highlights / sports / league / v / united
tottenham hotspur v southampton league highlights 292022 sports,2,highlights / sports / league / v / united
newcastle united v everton league highlights 282022 sports,2,highlights / sports / league / v / united
burnley v manchester united league highlights 282022 sports,2,highlights / sports / league / v / united
chelsea v tottenham hotspur league highlights 1232022 sports,2,highlights / sports / league / v / united
chelsea v tottenham hotspur league highlights 1232022 sports,2,highlights / sports / league / v / united
aston villa v manchester united league highlights 1152022 sports,2,highlights / sports / league / v / united
west ham united v leeds united league highlights 1162022 sports,2,highlights / sports / league / v / united
liverpool v brentford league highlights 1162022 sports,2,highlights / sports / league / v / united
manchester city v chelsea league highlights 1152022 sports,2,highlights / sports / league / v / united
leicester city v manchester united league highlights 10162021 sports,2,highlights / sports / league / v / united
roma juventus extended highlights serie cbs sports golazo,2,highlights / sports / league / v / united
manchester united v wolves league highlights 132022 sports,2,highlights / sports / league / v / united
arsenal v manchester city league highlights 112022 sports,2,highlights / sports / league / v / united
leicester city v manchester united league highlights 10162021 sports,2,highlights / sports / league / v / united
tottenham hotspur v liverpool league highlights 12192021 sports,2,highlights / sports / league / v / united
liverpool v newcastle league highlights 12162021 sports,2,highlights / sports / league / v / united
arsenal v west ham united league highlights 12152021 sports,2,highlights / sports / league / v / united
manchester city v wolves league highlights 12112021 sports,2,highlights / sports / league / v / united
bayern munich barcelona extended highlights group stage md cbs sports golazo,2,highlights / sports / league / v / united
everton v arsenal league highlights 1262021 sports,2,highlights / sports / league / v / united
manchester united v arsenal league highlights 1222021 sports,2,highlights / sports / league / v / united
southampton v leicester city league highlights 1212021 sports,2,highlights / sports / league / v / united
everton v liverpool league highlights 1212021 sports,2,highlights / sports / league / v / united
rocket league 2020,2,highlights / sports / league / v / united
leicester city v watford league highlights 11282021 sports,2,highlights / sports / league / v / united
chelsea v manchester united league highlights 11282021 sports,2,highlights / sports / league / v / united
manchester city v west ham united league highlights 11282021 sports,2,highlights / sports / league / v / united
liverpool v southampton league highlights 11272021 sports,2,highlights / sports / league / v / united
liverpool fc porto extended highlights group stage md cbs sports golazo,2,highlights / sports / league / v / united
manchester city paris saintgermain extended highlights group stage md cbs sports go,2,highlights / sports / league / v / united
chelsea juventus extended highlights group stage md cbs sports golazo,2,highlights / sports / league / v / united
liverpool v arsenal league highlights 11202021 sports,2,highlights / sports / league / v / united
watford v manchester united league highlights 11202021 sports,2,highlights / sports / league / v / united
leicester city v chelsea league highlights 11202021 sports,2,highlights / sports / league / v / united
watford v manchester united league highlights 11202021 sports,2,highlights / sports / league / v / united
alabama texas am highlights college football week 2021 college football highlights,2,highlights / sports / league / v / united
alabama lsu highlights college football week 2021 college football highlights,2,highlights / sports / league / v / united
manchester united v manchester city league highlights 1162021 sports,2,highlights / sports / league / v / united
georgia missouri highlights college football week 2021 college football highlights,2,highlights / sports / league / v / united
manchester united v manchester city league highlights 1162021 sports,2,highlights / sports / league / v / united
borussia dortmund ajax extended highlights group stage match day cbs sports golazo,2,highlights / sports / league / v / united
liverpool atltico madrid extended highlights group stage match day cbs sports golazo,2,highlights / sports / league / v / united
southampton v tottenham league highlights 1120 sports,2,highlights / sports / league / v / united
sevilla losc extended highlights group stage match day cbs sports golazo,2,highlights / sports / league / v / united
argentina v switzerland 2014 fifa match highlights,2,highlights / sports / league / v / united
argentina v belgium 2014 fifa match highlights,2,highlights / sports / league / v / united
argentina v iran 2014 fifa match highlights,2,highlights / sports / league / v / united
germany v sweden 2018 fifa match highlights,2,highlights / sports / league / v / united
tottenham hotspur v chelsea league highlights 122219 sports,2,highlights / sports / league / v / united
arsenal v liverpool league classic match 122217 sports,2,highlights / sports / league / v / united
arsenal v manchester united league highlights 1120 sports,2,highlights / sports / league / v / united
arsenal v chelsea league classic match 1318 sports,2,highlights / sports / league / v / united
arsenal v chelsea league highlights 122919 sports,2,highlights / sports / league / v / united
liverpool v tottenham league highlights 102719 sports,2,highlights / sports / league / v / united
liverpool v manchester city league highlights 111019 sports,2,highlights / sports / league / v / united
wolves v manchester city league highlights 122719 sports,2,highlights / sports / league / v / united
wolves v everton league highlights 11012021 sports,2,highlights / sports / league / v / united
manchester city v crystal palace league highlights 10302021 sports,2,highlights / sports / league / v / united
tottenham hotspur v manchester united league highlights 10302021 sports,2,highlights / sports / league / v / united
oklahoma lsu highlights 2019 college football playoff highlights,2,highlights / sports / league / v / united
west ham united v tottenham hotspur league highlights 10242021 sports,2,highlights / sports / league / v / united
manchester united v liverpool league highlights 10242021 sports,2,highlights / sports / league / v / united
oregon ucla highlights college football week 2021 college football highlights,2,highlights / sports / league / v / united
leeds united v wolves league highlights 10232021 sports,2,highlights / sports / league / v / united
arsenal v aston villa league highlights 10222021 sports,2,highlights / sports / league / v / united
atltico de madrid liverpool extended highlights group stagematch day cbs sports golazo,2,highlights / sports / league / v / united
newcastle united v manchester united league highlights 10619 sports,2,highlights / sports / league / v / united
newcastle v manchester united league highlights 10172020 sports,2,highlights / sports / league / v / united
atltico de madrid liverpool extended highlights group stagematch day cbs sports golazo,2,highlights / sports / league / v / united
lsu 20 florida highlights college football week 2021 college football highlights,2,highlights / sports / league / v / united
leicester city v manchester united league highlights 10162021 sports,2,highlights / sports / league / v / united
psg man city extended highlights ucl group stage md cbs sports golazo,2,highlights / sports / league / v / united
newcastle united v tottenham hotspur league highlights 10172021 sports,2,highlights / sports / league / v / united
aston villa v wolves league highlights 10162021 sports,2,highlights / sports / league / v / united
brentford v chelsea league highlights 10162021 sports,2,highlights / sports / league / v / united
everton v west ham united league highlights 10172021 sports,2,highlights / sports / league / v / united
watford v liverpool league highlights 10162021 sports,2,highlights / sports / league / v / united
leicester city v manchester united league highlights 10162021 sports,2,highlights / sports / league / v / united
sheffield united v manchester united league highlights 112419 sports,2,highlights / sports / league / v / united
alabama texas am extended highlights cbs sports hq,2,highlights / sports / league / v / united
penn state iowa highlights college football week 2021 college football highlights,2,highlights / sports / league / v / united
west ham united v brentford league highlights 1032021 sports,2,highlights / sports / league / v / united
psg man city extended highlights ucl group stage md cbs sports golazo,2,highlights / sports / league / v / united
manchester united villarreal extended highlights ucl groups stage md cbs sports golazo,2,highlights / sports / league / v / united
tottenham hotspur v aston villa league highlights 1032021 sports,2,highlights / sports / league / v / united
manchester united v everton league highlights 1022021 sports,2,highlights / sports / league / v / united
wolves v newcastle united league highlights 1022021 sports,2,highlights / sports / league / v / united
chelsea v southampton league highlights 1022021 sports,2,highlights / sports / league / v / united
psg man city extended highlights ucl group stage md cbs sports golazo,2,highlights / sports / league / v / united
manchester united v everton league highlights 1022021 sports,2,highlights / sports / league / v / united
real madrid sheriff extended highlights ucl group stage md cbs sports golazo,2,highlights / sports / league / v / united
benfica barcelona extended highlights ucl group stage md cbs sports golazo,2,highlights / sports / league / v / united
psg man city extended highlights ucl group stage md cbs sports golazo,2,highlights / sports / league / v / united
real madrid sheriff extended highlights ucl group stage md cbs sports golazo,2,highlights / sports / league / v / united
psg man city extended highlights ucl group stage md cbs sports golazo,2,highlights / sports / league / v / united
every league goal matchweek 202122 league sports,2,highlights / sports / league / v / united
crystal palace v brighton league highlights 9272021 sports,2,highlights / sports / league / v / united
brentford v liverpool league highlights 9252021 sports,2,highlights / sports / league / v / united
arsenal v tottenham hotspur league highlights 9262021 sports,2,highlights / sports / league / v / united
manchester united v aston villa league highlights 9252021 sports,2,highlights / sports / league / v / united
man city v liverpool league extended highlights 1319 sports,2,highlights / sports / league / v / united
leicester city v tottenham league highlights 92119 sports,2,highlights / sports / league / v / united
leicester city v arsenal league highlights 110919 sports,2,highlights / sports / league / v / united
alabama 11 florida highlights college football week 2021 college football highlights,2,highlights / sports / league / v / united
liverpool v crystal palace league highlights 9182021 sports,2,highlights / sports / league / v / united
newcastle v leeds united league highlights 9172021 sports,2,highlights / sports / league / v / united
liverpool milan extended highlights ucl group stage md cbs sports golazo,2,highlights / sports / league / v / united
man city rb leipzig extended highlights ucl group stage md cbs sports golazo,2,highlights / sports / league / v / united
barcelona bayern munich extended highlights ucl group stage md cbs sports golazo,2,highlights / sports / league / v / united
young boys manchester united extended highlights ucl group stage md cbs sports golazo,2,highlights / sports / league / v / united
losc wolfsburg extended highlights ucl group stage md cbs sports golazo,2,highlights / sports / league / v / united
villarreal atalanta extended highlights ucl group stage md cbs sports golazo,2,highlights / sports / league / v / united
sevilla salzburg extended highlights ucl group stage md cbs sports golazo,2,highlights / sports / league / v / united
chelsea zenit extended highlights ucl group stage matchday cbs sports golazo,2,highlights / sports / league / v / united
football 100 league football,2,highlights / sports / league / v / united
15 texas arkansas highlights college football week 2021 college football highlights,2,highlights / sports / league / v / united
did v among,2,highlights / sports / league / v / united
everton v southampton league highlights 8142021 sports,2,highlights / sports / league / v / united
liverpool v manchester city league highlights 111019 sports,2,highlights / sports / league / v / united
man city v liverpool league extended highlights 1319 sports,2,highlights / sports / league / v / united
norwich city v liverpool league highlights 8142021 sports,2,highlights / sports / league / v / united
manchester united v leeds united league highlights 8142021 sports,2,highlights / sports / league / v / united
gta v slasher,2,highlights / sports / league / v / united
gta v back,2,highlights / sports / league / v / united
brentford v arsenal league highlights 8132021 sports,2,highlights / sports / league / v / united
win win win gta v,2,highlights / sports / league / v / united
auburn lsu highlights week college football highlights,2,highlights / sports / league / v / united
16 michigan penn state highlights week college football highlights,2,highlights / sports / league / v / united
leicester city champions league 2015 16,2,highlights / sports / league / v / united
usa mexico extended highlights concacaf nations league final cbs sports golazo,2,highlights / sports / league / v / united
leicester city champions league 2015 16,2,highlights / sports / league / v / united
every goal villarreal manchester united europa league final ucl cbs sports,2,highlights / sports / league / v / united
chelsea manchester city champions league final highlights ucl cbs sports,2,highlights / sports / league / v / united
25 league goals 20202021 season sports,2,highlights / sports / league / v / united
penalty shootout villarreal manchester united europa league final ucl cbs sports,2,highlights / sports / league / v / united
west brom v west ham league highlights 5192021 sports,2,highlights / sports / league / v / united
everton v wolves league highlights 5192021 sports,2,highlights / sports / league / v / united
manchester united v fulham league highlights 5182021 sports,2,highlights / sports / league / v / united
southampton v leeds united league highlights 5182021 sports,2,highlights / sports / league / v / united
newcastle v sheffield united league highlights 5192021 sports,2,highlights / sports / league / v / united
leeds united v tottenham league highlights 5082021 sports,2,highlights / sports / league / v / united
chelsea v leicester city league highlights 5182021 sports,2,highlights / sports / league / v / united
brighton v manchester city league highlights 5182021 sports,2,highlights / sports / league / v / united
burnley v liverpool league highlights 5192021 sports,2,highlights / sports / league / v / united
tottenham v aston villa league highlights 5192021 sports,2,highlights / sports / league / v / united
west brom v liverpool league highlights 5162021 sports,2,highlights / sports / league / v / united
tottenham v wolves league highlights 5162021 sports,2,highlights / sports / league / v / united
brighton vwest ham league highlights 5152021 sports,2,highlights / sports / league / v / united
leicester city v liverpool league classic match 2216 sports,2,highlights / sports / league / v / united
newcastle v manchester city league highlights 5142021 sports,2,highlights / sports / league / v / united
aston villa v everton league highlights 5132021 sports,2,highlights / sports / league / v / united
chelsea v arsenal league highlights 5122021 sports,2,highlights / sports / league / v / united
southampton v crystal palace league highlights 5112021 sports,2,highlights / sports / league / v / united
arsenal v west brom league highlights 5092021 sports,2,highlights / sports / league / v / united
liverpool v southampton league highlights 5082021 sports,2,highlights / sports / league / v / united
leicester city champions league 2015 16,2,highlights / sports / league / v / united
leicester city v newcastle league highlights 572021 sports,2,highlights / sports / league / v / united
arsenal villarreal extended highlights europa league ucl cbs sports,2,highlights / sports / league / v / united
real madrid v bayern highlights 201314 uefa champions league semifinal,2,highlights / sports / league / v / united
highlights atltico v bayern uefa champions league 201516,2,highlights / sports / league / v / united
manchester city paris saintgermain extended highlights ucl cbs sports,2,highlights / sports / league / v / united
newcastle v arsenal league highlights 5022021 sports,2,highlights / sports / league / v / united
everton v aston villa league highlights 5012021 sports,2,highlights / sports / league / v / united
southampton v leicester city league highlights 4302021 sports,2,highlights / sports / league / v / united
villarreal arsenal extended highlights europa league semifinals ucl cbs sport,2,highlights / sports / league / v / united
paris saintgermain manchester city extended highlights ucl cbs sports,2,highlights / sports / league / v / united
real madrid chelsea extended highlights ucl cbs sports,2,highlights / sports / league / v / united
oklahoma lsu highlights 2019 college football playoff highlights,2,highlights / sports / league / v / united
aston villa v west brom league highlights 4252021 sports,2,highlights / sports / league / v / united
liverpool v newcastle league highlights 4242021 sports,2,highlights / sports / league / v / united
west ham v chelsea league highlights 4242021 sports,2,highlights / sports / league / v / united
wolves v burnley league highlights 4252021 sports,2,highlights / sports / league / v / united
leeds united v manchester united league highlights 4252021 sports,2,highlights / sports / league / v / united
leicester city v west brom league highlights 4222021 sports,2,highlights / sports / league / v / united
tottenham v southampton league highlights 4212021 sports,2,highlights / sports / league / v / united
aston villa v manchester city league highlights 4212021 sports,2,highlights / sports / league / v / united
chelsea v brighton league highlights 4202021 sports,2,highlights / sports / league / v / united
leeds united v liverpool league highlights 4192021 sports,2,highlights / sports / league / v / united
arsenal v fulham league highlights 4182021 sports,2,highlights / sports / league / v / united
manchester united v burnley league highlights 4182021 sports,2,highlights / sports / league / v / united
wolves v sheffield united league highlights 4172021 sports,2,highlights / sports / league / v / united
newcastle v west ham league highlights 4172021 sports,2,highlights / sports / league / v / united
everton v tottenham league highlights 4162021 sports,2,highlights / sports / league / v / united
manchester united granada extended highlights europa league ucl cbs sports,2,highlights / sports / league / v / united
borussia dortmund manchester city extended highlights ucl cbs sports,2,highlights / sports / league / v / united
chelsea fc porto extended highlights ucl cbs sports,2,highlights / sports / league / v / united
paris saintgermain vsbayern munich extended highlights ucl cbs sports,2,highlights / sports / league / v / united
brighton v everton league highlights 4122021 sports,2,highlights / sports / league / v / united
west brom v southampton league highlights 4122021 sports,2,highlights / sports / league / v / united
tottenham v manchester united league highlights 4112021 sports,2,highlights / sports / league / v / united
west ham v leicester city league highlights 4112021 sports,2,highlights / sports / league / v / united
liverpool v aston villa league highlights 4102021 sports,2,highlights / sports / league / v / united
manchester city v leeds united league highlights 4102021 sports,2,highlights / sports / league / v / united
ajax roma extended highlights ucl cbs sports,2,highlights / sports / league / v / united
ajax roma extended highlights ucl cbs sports,2,highlights / sports / league / v / united
arsenal slavia prague extended highlights ucl cbs sports,2,highlights / sports / league / v / united
granada manchester united extended highlights ucl cbs sports,2,highlights / sports / league / v / united
bayern munich paris saintgermain extended highlights ucl cbs sports,2,highlights / sports / league / v / united
fc porto chelsea extended highlights ucl cbs sports,2,highlights / sports / league / v / united
manchester city borussia dortmund extended highlights ucl cbs sports,2,highlights / sports / league / v / united
real madrid liverpool extended highlights ucl cbs sports,2,highlights / sports / league / v / united
wolves v west ham league highlights 452021 sports,2,highlights / sports / league / v / united
everton v crystal palace league highlights 452021 sports,2,highlights / sports / league / v / united
leeds united v sheffield united league highlights 432021 sports,2,highlights / sports / league / v / united
manchester united v brighton league highlights 442021 sports,2,highlights / sports / league / v / united
leicester city v manchester city league highlights 432021 sports,2,highlights / sports / league / v / united
arsenal v liverpool league highlights 432021 sports,2,highlights / sports / league / v / united
west ham v arsenal league highlights 3212021 sports,2,highlights / sports / league / v / united
liverpool v manchester city league highlights 111019 sports,2,highlights / sports / league / v / united
man city v liverpool league extended highlights 1319 sports,2,highlights / sports / league / v / united
manchester city v chelsea league extended highlights 21019 sports,2,highlights / sports / league / v / united
brighton v newcastle league highlights 3202021 sports,2,highlights / sports / league / v / united
